VERWENDE STRG+F UM EINEN BESTIMMTEN CODE ZU FINDEN,,,,,,,,,,,,,,,,,,,,,,,,,,,,,,,,,,,,,,,,,,,,,,,,,,,,,,,,,,,,,,,,,,,,,,,,,,,
,,,,,,,,,,,,,,,,,,,,,,,,,,,,,,,,,,,,,,,,,,,,,,,,,,,,,,,,,,,,,,,,,,,,,,,,,,,
,,,,,,,,,,,,,,,,,,,,,,,,,,,,,,,,,,,,,,,,,,,,,,,,,,,,,,,,,,,,,,,,,,,,,,,,,,,
"Codes nur im Notfall verwenden, um das Spiel nicht zu ruinieren!",,,,,,,,,,,,,,,,,,,,,,,,,,,,,,,,,,,,,,,,,,,,,,,,,,,,,,,,,,,,,,,,,,,,,,,,,,,
,,,,,,,,,,,,,,,,,,,,,,,,,,,,,,,,,,,,,,,,,,,,,,,,,,,,,,,,,,,,,,,,,,,,,,,,,,,
,,,,,,,,,,,,,,,,,,,,,,,,,,,,,,,,,,,,,,,,,,,,,,,,,,,,,,,,,,,,,,,,,,,,,,,,,,,
,,,,,,,,,,,,,,,,,,,,,,,,,,,,,,,,,,,,,,,,,,,,,,,,,,,,,,,,,,,,,,,,,,,,,,,,,,,
,,,,,,,,,,,,,,,,,,,,,,,,,,,,,,,,,,,,,,,,,,,,,,,,,,,,,,,,,,,,,,,,,,,,,,,,,,,
,,,,,,,,,,,,,,,,,,,,,,,,,,,,,,,,,,,,,,,,,,,,,,,,,,,,,,,,,,,,,,,,,,,,,,,,,,,
,,,,,,,,,,,,,,,,,,,,,,,,,,,,,,,,,,,,,,,,,,,,,,,,,,,,,,,,,,,,,,,,,,,,,,,,,,,
,,,,,,,,,,,,,,,,,,,,,,,,,,,,,,,,,,,,,,,,,,,,,,,,,,,,,,,,,,,,,,,,,,,,,,,,,,,
,,,,,,,,,,,,,,,,,,,,,,,,,,,,,,,,,,,,,,,,,,,,,,,,,,,,,,,,,,,,,,,,,,,,,,,,,,,
,,,,,,,,,,,,,,,,,,,,,,,,,,,,,,,,,,,,,,,,,,,,,,,,,,,,,,,,,,,,,,,,,,,,,,,,,,,
,,,,,,,,,,,,,,,,,,,,,,,,,,,,,,,,,,,,,,,,,,,,,,,,,,,,,,,,,,,,,,,,,,,,,,,,,,,
,,,,,,,,,,,,,,,,,,,,,,,,,,,,,,,,,,,,,,,,,,,,,,,,,,,,,,,,,,,,,,,,,,,,,,,,,,,
,,,,,,,,,,,,,,,,,,,,,,,,,,,,,,,,,,,,,,,,,,,,,,,,,,,,,,,,,,,,,,,,,,,,,,,,,,,
Charakter:,Code:,Zusätzliche Informationen:,,Trank:,Code:,Zusätzliche Informationen:,,Pflanze:,Code:,Zusätzliche Informationen:,,Dokument:,Code:,Zusätzliche Informationen:,,Amulett:,Code:,Zusätzliche Informationen:,,Gürtel:,Code:,Zusätzliche Informationen:,,Ring:,Code:,Zusätzliche Informationen:,,Tragbare Trophäe:,Code:,Zusätzliche Informationen:,,Schriftrolle:,Code:,Zusätzliche Informationen:,,Rune:,Code:,Zusätzliche Informationen:,,Trophäe:,Code:,Zusätzliche Informationen:,,Nahrung:,Code:,Zusätzliche Informationen:,,Bogen/Armbrust/Munition:,Code:,Zusätzliche Informationen:,,Waffe 1h/2h:,Code:,Zusätzliche Informationen:,,Taschen/Beutel:,Code:,Zusätzliche Informationen:,,Rüstungen/Roben/Helme:,Code:,Zusätzliche Informationen:,,Schlüssel:,Code:,Zusätzliche Informationen:,,Irrwisch-Verbesserung:,Code:,Zusätzliche Informationen:,,,Sonstiges:,Code:,Zusätzliche Informationen:
Abigail,pir_61360_abigeil,,,Trank der Geistesverwandlung,itpo_addon_geist_01,Tötet,,Rübe,itpl_beet,,,Uralte Ork-Tafel,itwr_aboutnagdumgar_p1,"Für Quest ""Schatten der Vergangenheit""",,Frankos Amulett,itam_addon_franco,,,Gürtel aus schwarzer Trollhaut,itbe_addon_bt_01,,,Adanos' Zepter,itri_adanosgoldskipetr,,,Schwarzer Reißzahn,itut_dlackteeth,,,Giftbiss,itsc_acid,,,Ruf der Tiefe,itru_abyssspell,Untoten-Drache 6. Kreis,,Kopf des Feldkriechers,itat_addon_bckopf,,,Gebratenes Fleisch,itfomutton,,,Feuerpfeil,itrw_addon_firearrow,,,Abgenutzte Spatha,itmw_veryoldspage,,,Cavalorns Ledertasche,itse_addon_cavalornsbeutel,,,Abigails Rüstung,itar_abigal,,,Goblin-Schlüssel,itkey_goblinchest,Öffnet Truhen im Lager auf der Adanos-Wüste,,Glänzende Klaue,itut_shinyclaw,,,,Goldbarren,itmi_stuckgold,
Abuyin,VLK_456_Abuyin,,,Trank der Geistesverwandlung,itpo_addon_geist_02,Gibt 3000 Erfahrung,,Serafis,itpl_blueplant,,,Dämonentafel der Energie,itwr_demonplate_01,,,Uraltes Heiler-Amulett,itam_addon_health,,,Gürtel aus Echsenhaut,itbe_addon_custom_01,,,Ring des Araxos,itri_addon_bandittrader,,,Karakusts Panzerplatte,itut_zaracustplate,,,Hand des Chaos,itsc_adanosball,,,Giftbiss,itru_acid,Guru 4. Kreis,,Wildschweinhaut,itat_addon_keilerfur,,,Rohes Fleisch,itfomuttonraw,,,Magischer Pfeil,itrw_addon_magicarrow,,,Verrostete Spatha,itmw_oldspage,,,Schatztruhe,ise_addon_francischest,,,Rüstung,itar_aborigen_armor,Getragen von Menschen im Schattental,,Gomez' Schlüssel,itkey_gomeztreasure,Öffnet Gomez' Raum,,Große Mandibeln,itat_giantmandibles,,,,Eisenbarren,itmi_ironstuck,
"Avabyul, Beliars Priesterin",vlk_4570_avabul,In der Schmerzhöhle,,Trank der Geistesverwandlung,itpo_addon_geist_03,Für NPCs,,Kaktusblüte,itpl_cactusflower,,,Dämonentafel der Macht,itwr_demonplate_02,,,Uraltes Priester-Amulett,itam_addon_mana,,,Gürtel aus Wolfshaut,itbe_addon_custom_02,,,Uralter Heilerring,itri_addon_health_01,,,Drachenschädel,itat_xragonskull,,,Armee der Finsternis,itsc_armyofdarkness,,,Hand des Chaos,itru_adanosball,Kommt nicht im Spiel vor,,Azgalors Seelenstein,itat_asgalorstone,,,Fleisch des Bergaasfressers,itfomuttonraw_mount,,,Magischer Bolzen,itrw_magicbolt,,,Spatha,itmw_1h_vlk_sword,,,Köcher,itse_arrow_sack,,,Rüstung,itar_aborigen_clothes,Getragen von Menschen im Schattental,,Kreols Schlüssel,itkey_ow_kreolkey,Öffnet den Nebelturm,,Nicht schmelzendes Eis,itat_Icelessice,,,,Barren aus reinem magischem Erz,itmi_magicoreraw_1,schlechte Qualität
"Avabyul, Beliars Priesterin",vlk_5570_avabul,Im Heiligtum,,Amun-Su,itpo_amunsu,Mana +8,,Schwarzer Klee,itpl_darkclover,"Für Trank aus Quest ""Guru-Magie""",,Dämonentafel der Meisterschaft,itwr_demonplate_03,,,Uraltes Krieger-Amulett,itam_addon_str,,,Gürtel aus Warg-Haut,itbe_addon_custom_03,,,Uralter Heilerring,itri_addon_health_02,,,Schädel des Urdrachen,itat_xragonskullold,,,Magischer Pfeil,itsc_berzerk,,,Blutgier,itru_agro,Schwarzmagier 1. Kreis,,Herz des Schwarzen Drachen,itat_blackdragonheart,,,Niclas' gebratenes Fleisch,itfo_mutton_niclas,,,Uralter Bolzen,itrw_magicbolt_shv,,,Banditen-Schwert,itmw_addon_bandittrader,,,"Diegos alter Lederbeutel",itse_diegostreasure_mis,,,Abenteurer-Rüstung,itar_adventure,Getragen von Alrik,,Bloodwyns Schlüssel,itke_addon_bloodwyn_01,Öffnet Truhen im Kriegertempel,,Dämonischer Quarz,itmi_demonicquartz,,,,Barren aus reinem magischem Erz,itmi_magicoreraw_2,mittlere Qualität
Avanis,bau_974_bauer,,,Elixier des göttlichen Geistes,itpo_ancientpotion,Intelligenz +10,,Wüstendorn,itpl_desertill,Kommt nicht im Spiel vor,,Dämonentafel der Zerstörung,itwr_demonplate_04,,,Irrwisch-Sucher-Amulett,itam_addon_wispdetector,,,Gürtel aus Trollhaut,itbe_addon_custom_04,,,Uralter Priesterring,itri_addon_mana_01,,,Lampe,itls_beltcandle,,,Blitz,itsc_blink,,,Armee der Finsternis,itru_armyofdarkness,Nekromant 4. Kreis,,Leber des schwarzen Schnappers,itat_blacksnapperliver,,,Schildkrötenfleisch,itfoschildkroeteraw,,,Vollstrecker,itrw_addon_magiccrossbow_shv,,,Rapier,itmw_rapier,,,Kugelfisch,itse_erzfisch,Mit Erzbrocken,,Abenteurer-Panzer,itar_adventure_hero,,,Schlüssel zur Truhe im Banditenlager,itke_addon_buddler_01,Öffnet Truhen neben Senyan,,Sumpfessenz,itmi_marshessence,,,,Barren aus reinem magischem Erz,itmi_magicoreraw_3,gute Qualität
Agelidas,spider_uniq,Spinne aus der Höhle in Jharkendar,,Gegengift,itpo_anpois,,,Goblin-Beeren,itpl_dex_herb_01,,,Dämonentafel des Wissens,itwr_demonplate_05,,,Wandernder Irrwisch-Amulett,itam_addon_wispdetectornew,Kommt nicht im Spiel vor,,Geschicklichkeitsgürtel,itbe_addon_dex_10,,,Uralter Priesterring,itri_addon_mana_02,,,Harter Rückenstachel,itat_curratishi,,,Uriziels Todeshauch,itsc_breathofdeath,,,Beliars Lanze,itru_beliarsrage,Nekromant 3. Kreis,,Horn des schwarzen Trolls,itat_blacktrollhorn,,,Adanos-Wasser,itfo_adanoswater,,,Schattenbogen,itrw_arabic_bow,,,Anführer-Rapier,itmw_chiefrapier_01,,,Angel,itse_fangel,,,Alchemisten-Gewand,itar_alchemy,,,Estebans Schlüssel,itke_addon_esteban_01,Öffnet Truhen neben Esteban,,Harte Kohle,itmi_steinkohle,,,,Barren aus reinem magischem Erz,itmi_magicoreraw_4,perfekte Qualität
Agon,nov_603_agon,,,"Goldwein",itpo_assasinsrarewine,Bringen wir zu Haniar,,Blaue Malve,itpl_exbluemalve,Für Quest mit Loa,,Dämonentafel des Schutzes,itwr_demonplate_06,,,Innos' Heilige Aura,itam_addon_amulettofdeath_mis,Paladin-Version,,Geschicklichkeitsgürtel,itbe_addon_dex_5,,,Morgans Ring,itri_addon_morgansring_mission,,,Lurker-Klaue,itat_leaderlurker,,,Großer Feuerball,itsc_chargefireball,,,Beliars Klaue,itru_beliarsrune01,Kommt nicht im Spiel vor,,Mandibeln der Feldbestie,itat_bugmandibles,,,Feuereintopf,itfo_addon_firestew,,,Pfeil,itrw_arrow,,,Dieb-Rapier,itmw_chiefrapier_02,,,???,itse_flycarpet,???,,Alchemisten-Gewand,itar_alchemy_nov,,,Steinwächter-Schlüssel,itke_addon_heiler,Öffnet Truhen im Sumpftempel,,Magisches Siegel,itmi_magicsignet,,,,Barren aus reinem magischem Erz,itmi_magicoreraw_5,reiner magischer Erzbarren
"Adanar, Adanos' Wächter",dragon_av,Drache vor dem Raben,,"Goldwein",itpo_assasinsrarewine_use,LP +10,,Waldbeere,itpl_forestberry,,,Steintafel der Magie,itwr_druidplate_00 ,nur an der Westküste erhältlich,,Innos' Heilige Aura,itam-addon_amulettofdeath_mismage,,,Drachenjäger-Gürtel,itbe_addon_djg_01,,,Uralter Kriegerring,itri_addon_str_01,,,Ahirons Almanach,itut_magicbook,,,Vergessen,itsc_charm,,,Beliars Klaue,itru_beliarsrune02,Kommt nicht im Spiel vor,,Wolfshaut,itat_wolffur,,,Grog,itfo_addon_grog,,,???,itrw_ass_2x2,Irgendein Partikel,,Jacks Silberschwert,itmw_silverrapier,,,Gerbrandts Beutel,itse_gerbrandpocket,,,Mythische Rüstung,itar_ancient,Quahodrons Umhang,,Skinners Schlüssel,itke_addon_skinner,Öffnet Truhen in Skinners Hütte,,Unzerstörbarer Saphir,itmi_indestructiblesapphire,,,,Fliegender Teppich,itse_flycarpet,Funktioniert nicht ;//
Adelhard,sld_853_bret,Söldner aus den Ork-Bergen,,Blutsauger-Gift,itpo_bloodflypoison,,,Heilpflanze,itpl_health_herb_01,,,Steintafel der Macht,itwr_druidplate_01,nur an der Westküste erhältlich,,Jäger-Amulett,itam_benkenob,Von der Feldkriecher-Königin,,Guru-Schärpe,itbe_addon_gur_01,,,Uralter Kriegerring,itri_addon_str_02,,,Grimoire,itut_magicbook2,,,Todesball,itsc_deathball,,,Beliars Klaue,itru_beliarsrune03,Kommt nicht im Spiel vor,,Haut des schwarzen Höhlentrolls,itat_caveblackfurtroll,,,Sumpfrattenfleisch,itfo_krokofleisch_mission,,,Banditen-Armbrust,itrw_bdt_crossbow,,,Meisterschwert,itmw_chiefrapier_03,,,Schwerer Fisch,itse_goldfisch,Mit Gold,,Arah'Aras Robe,itar_arahar,,,Lous Schlüssel,itke_addon_tavern_01,Öffnet Türen in Snafs Taverne,,Teil des Abgrunds,"itmi_partoftheabyss
itmi_partoftheabyssahiron",,,,Innos-Statue,itmi_innosstatue,
Airi,vlk_4350_priscila,,,Todeshauch,itpo_breath_of_death,Mana +35/Nekromanten-Robe besudeln,,Heilkraut,itpl_health_herb_02,,,Steintafel des Schutzes,itwr_druidplate_02,nur an der Westküste erhältlich,,Glänzendes Schwarzerz-Amulett,itam_blackall,,,Magier-Gürtel,itbe_addon_kdf_01,,,Ring der dunklen Rituale,itri_darkcurse,,,Morellonomicon,itut_magicbook3,,,Magischer Pfeil,itsc_deathbolt,,,Beliars Klaue,itru_beliarsrune04,Kommt nicht im Spiel vor,,Krallen,itat_claw,,,Lous Hammer,itfo_addon_loushammer,,,Bolzen,itrw_bolt,,,Stille Tod,itmw_chiefrapier_04,,,Lederbeutel,itse_goldpocket100,,,Panzer der Finsternis,itar_asgard,,,Thorus' Schlüssel,itke_addon_thorus,Öffnet Truhen neben Thorus,,,,,,,Dämon-Statue,itmi_statue_demon_01,
Akil,bau_940_Akil,,,Schwacher Ausdauertrank,itpo_clear,Ausdauer-Regen 2/2s für 30 Minuten,,Heilwurzel,itpl_health_herb_03,,,Alte Ork-Notiz,itwr_aboutnagdumgar_p2,"Für Quest ""Schatten der Vergangenheit""",,Geschicklichkeits-Amulett,itam_dex_01,Kommt nicht im Spiel vor,,Priester-Gürtel,itbe_addon_kdf_02,,,Geschicklichkeitsring,itri_dex_01,Geschicklichkeit +2,,Muritans Giftzahn,itat_pw_muritantooth / itat_buritantooth,,,Levitation,itsc_elevate,Funktioniert nicht und kommt nicht im Spiel vor,,Beliars Klaue,itru_beliarsrune05,Kommt nicht im Spiel vor,,Krallen des Schwarzen Schnappers,itat_clawblacksnapper,"Quest ""Jägerglück""",,Fleischsuppe,itfo_addon_meatsoup,,,Jägerbogen,itrw_bospbow_l_03,,,Stahlnadel,itmw_chiefrapier_05,,,Ignaz' Beutel,itse_goldpocket100_ignaz,,,Asmals Panzer,itar_asmal,,,Margots Schlüssel,itke_ad_boss1,Öffnet Schalter in Ravens Alptraum,,,,,,,Ganja,itmi_hasish,
Alligator Jack,pir_1352_addon_alligatorjack,,,Constantinos Trank,itpo_constfake,Kommt nicht im Spiel vor,,Lebenswurzel,itpl_magicroot,Für Quests in der Adanos-Wüste,,Xardas' altes Tagebuch,itwr_aboutnagdumgar_p3,"Für Quest ""Schatten der Vergangenheit""",,Macht-Amulett,itam_dex_strg_01,Kommt nicht im Spiel vor,,Erzmagier-Gürtel,itbe_addon_kdf_03,,,Fertigkeitsring,itri_dex_02,Geschicklichkeit +4,,Rukyavas Herz,itat_garpiiserdce,,,Lanze der Finsternis,itsc_energyball,,,Beliars Klaue,itru_beliarsrune06,Ohne Seele,,Rudel-Anführer-Krallen,itat_clawleader,,,Ork-Fusel,itfo_addon_orcrum,Tödlich,,Kurzbogen,itrw_bowcraft_01,Als Bospers Lehrling hergestellt,,Skorpion-Stachel,itmw_chiefrapier_06,,,Lederbeutel,itse_goldpocket25,,,Assassinen-Panzer,itar_ass,,,Nyarlathotheps Schlüssel,itke_ad_stoneseal,Öffnet Schatzkammer am Anfang von Ravens Alptraum,,,,,,,Schlafsack,itmi_sleepsack,
Albert,pal_7523_albert,,,Dämonenblut,itpo_demonblood,,,Feuernessel,itpl_mana_herb_01,,,Magische uralte Tafel,itwr_adanoscrone_ready,Zum Beschwören des Wächters nach dem Raben,,Diamant-Amulett,itam_diamond,,,Xarthisius' Schärpe,itbe_addon_kdf_05,,,Betrügerring,itri_dex_03,Geschicklichkeit +6,,Geschärfte Bolzenspitze,?,,,Feuerexplosion,itsc_explosion,,,Beliars Klaue,itru_beliarsuperrune,Mit Seele,,Kriecher-Mandibeln,itat_crawlermandibles,,,Trank aus Ork-Fusel,itfo_addon_orcrumsal,,,Weidenbogen,itrw_bowcraft_02,Als Bospers Lehrling hergestellt,,Nachtschrei,itmw_chiefrapier_07,,,Lederbeutel,itse_goldpocket50,,,Masjafs schwerer Schattenpanzer,itar_assasins_01,,,Ahirons Schlüssel,itke_ahiron,Öffnet Ahirons Truhen in seinem Turm,,,,,,,Steinwächter-Herz,itmi_portalruneadanos,
Albrecht,pal_202_albrecht,,,Dunkle Weisheit,itpo_demon_potion,Mana +5 (Nur dunkle Gilden),,Feuerkraut,itpl_mana_herb_02,,,Schriftrolle,itwr_addon_axtanleitung,Rezept für leichte Banditen-Axt,,Smaragd-Amulett,itam_emerald,,,Ledergürtel,itbe_addon_leather_01,,,Machtring,itri_dex_strg_01,Geschicklichkeit +3 Stärke +3,,Alligator-Zahn,itat_zubskalo,,,Schockwelle,itsc_extricate,,,Magischer Pfeil,itru_berzerk,Guru 1. Kreis,,Kriecher-Panzerplatte,itat_crawlerplate,,,Ork-Trunk,itfo_addon_orcrumsalbeta,Kommt nicht im Spiel vor,,Ulmen-Bogen,itrw_bowcraft_03,Als Bospers Lehrling hergestellt,,Silberstern,itmw_silverrapier_strong,,,Goldmünzen,itse_goldstack,,,Masjafs Priors-Panzer,itar_assasins_02,Spieler,,Arah'Aras Schlüssel,itke_arahar,Öffnet Truhen auf der Verlorenen hinter Zombie,,,,,,,Adanos-Tränen,itmi_adanostear,
Alvares,sld_840_alvares,,,Falscher Cocktail (Kommt nicht im Spiel vor),itpo_demon_potion_bad,Mana +5 (Nur dunkle Gilden),,Feuerwurzel,itpl_mana_herb_03,,,Brief,itwr_addon_bandittrader,Banditenbrief von Fernando,,Uralter Ork-Talisman,itam_hashgor,,,Gürtel aus Kriecher-Panzerplatten,itbe_addon_mc,,,Drachenherrscher-Stab,itri_dragonstaff,,,Steinklaue,itat_xtoneclaw,,,Furcht,itsc_fear,,,Großer Dunkelball,itru_bigdarkball,Schwarzmagier 3. Kreis,,Kriecher-Ei,itat_clawlerqueen,,,Roter Pfeffer,itfo_addon_pfeffer_01,,,Eschen-Bogen,itrw_bowcraft_04,Als Bospers Lehrling hergestellt,,Goldnadel,itmw_chiefrapier_08,,,Lederbeutel,itse_golemchest_mis,Mit Ring und Gold,,Masjafs Priors-Panzer,itar_assasins_02_npc,NPC,,Schatten-Amulett,itke_anitest,Für Assassinen-Wald-Handlung,,,,,,,Königsrubin,itmi_bigruby,
Alwin,Vlk_424_Alwin,,,Trank aus Dracheneier-Sekret,itpo_dragoneggdrinkneoras_mis,Stärke +3,,Dunkler Pilz,itpl_mushroom_01,,,Francis' Rechnungsbuch,itwr_addon_francisabrechnung_mis,,,Holgers Amulett,itam_holger_amulet,,,Stadtwachen-Gürtel,itbe_addon_mil_01,,,Fellangors Ring,itri_fellangor,,,Steinauge,itmi_utonepumapiece,,,Feuergeschoss,itsc_firebolt,,,Blitz,itru_blink,Izu'Tzeld 3. Kreis,,Flügel,itat_wing,,,Rum,itfO_addon_rum,,,Buchen-Bogen,itrw_bowcraft_05,Als Bospers Lehrling hergestellt,,Blutsauger,itmw_1h_goldbrand,,,Lederbeutel,itse_hannasbeutel,von Hanna,,Masjafs Novizen-Panzer,itar_assasins_03,,,Ar-Dagars Schlüssel,itke_ardagar,Benötigt für Mission in der Ork-Mine,,,,,,,Magischer Erzbrocken,itmi_nugget,
Alrik,vlk_438_alrik,,,Drachenweisheit,itpo_dragonmind_epic,Mana +50,,Buddler-Fleisch,itpl_mushroom_02,,,Gregs Tagebuch,itwr_addon_gregslogbuch_mis,,,Lebens-Amulett,itam_hp_01,,,Stadtwächter-Gürtel,itbe_addon_mil_02,,,Fellangors Ring,itri_fellangor_magic,,,Ur-Thralls Kopf,itat_headurtrall,,,Feuerregen,itsc_firerain,,,Blutregen,itru_bloodrain,Nekromant 6. Kreis,,Dämonenherz,itat_demonheart,,,Skips Rum,itfo_addon_rum_skil,,,Blutbogen,itrw_bow_blood,,,Blutfresser,itmw_blood_katana,,,Leichter Fisch,itse_lockpickfisch,Mit Dietrichen,,Masjafs Schattenpanzer,itar_assasins_04,,,Bragos Schlüssel,itke_bandit,Öffnet Truhen in Bragos Höhle,,,,,,,Eiskristall,itmi_avatar_water,
Alfred,hun_742_alfred,,,Eligors Flamme,itpo_eligorfire,Hitzeresistenz,,Heilkraut,itpl_netbekplant,Stellt alle LP wieder her (Quest Ungebetener Gast),,Rezept für Lebensfülle,itwr_health_04,,,Drakils Familien-Amulett,itam_hp_mana_01,Kommt nicht im Spiel vor,,Novizen-Gürtel,itbe_addon_nov_01,,,Ferds Silberring,itri_ferd,Kommt nicht im Spiel vor,,Troll-Horn,itat_gturtrollhorn,,,Kleiner Feuersturm,itsc_firestorm,,,Uriziels Todeswelle,itru_breathofdeath,Hoshkar 4. Kreis,,Dämonenschädel,itat_demonskull,"Für Quest ""Grenzenlose Macht""",,Lous Doppelhammer,itfo_addon_schlafhammer,,,Sher Gar Mal,itrw_bow_bones,,,Beliars Klaue,itmw_chiefrapierclaw,Spatha,,Luteros Beutel,itse_lutterobigpocket,,,Guru-Dämonenrobe,itar_assasins_corgalom,,,Schlüssel zu Bospers
Keller,itke_bosper_key,Öffnet Bospers Keller und Truhen darin,,,,,,,Kanonenkugel,itmi_canoneball,
Amul'Rough,amasraf,,,Schwarzer Nebel,itpo_elixirshadow,,,Netbeks Mana-Kraut,itpl_netbekplant_magic,Stellt alle Mana wieder her (Quest Ungebetener Gast),,Rezept für Elixier reiner Energie,itwr_health_05,,,Sternen-Amulett,itam_imarah,,,Gladiatoren-Gürtel,itbe_addon_prot_edge,,,Ferros' Familienring,itri_ferrosring,Stärke +8,,Weißer Troll-Schädel,itat_skullwhitetroll,,,Erfrischung,itsc_fullheal,,,Vergessen,itru_charm,Guru 2. Kreis,,Wüstenschlangen-Zähne,itat_desertsharkteeh,,,Schneller Hering,itfo_schnellerhering,,,Beliars Klaue,itrw_bow_claw,Ohne Seele,,Beliars Klaue (mit Seele),itmw_chiefrapierclawsenyak,Spatha,,Nigels Beutel,itse_nigelpocket,,,Masjafs Priors-Panzer,itar_assasins_dead,Untote Priore,,Bromors Schlüssel,itke_bromor,Öffnet Türen zu Bromors Raum,,,,,,,Schwarzperlen-Halskette,itmi_blackpearlneckle,
Amul'Sah,amassah,,,Sturz-Resistenz-Trank,itpo_falldefence,,,Königssauerampfer,itpl_perm_herb,,,Wichtige Nachricht,itwr_hinweis_01,Aus dem Banditenlager im Sumpf,,Irdorath-Amulett,itam_irdorat,,,Steinhaut-Gürtel,itbe_addon_prot_edgpoi,,,Adanos-Priester-Ring,itri_goblinring,LP +300,,Champion-Dolch,itat_arenatrophy,,,Geysir,itsc_geyser,,,Energieball,itru_concussionbolt,Kommt nicht im Spiel vor,,Weißer Troll-Haut,itat_whitetroll,,,Skips Schneller Hering,itfo_schnellerhering_ext,,,Beliars Klaue,itrw_bow_clawsenyak,Mit Seele,,Scharfer Stock,itmw_simple_spear,,,Olavs Beutel,itse_olav,,,Guru-Dämonenrobe,itar_assasins_demonmage,,,Schlüssel,itke_buerger,Öffnet Truhen im Haus neben Salandril,,,,,,,Magnaten-Pokal,itmi_gomezgoldcup,
Cor Angar,djg_705_Angar,In Drax' Lager,,Feuerschutz-Elixier,itpo_firedefence,,,Feldbeere,itpl_planeberry,,,Wichtige Nachricht,itwr_hinweis_02,Aus dem Banditenlager im Sumpf,,Magie-Amulett,itam_mana_01,,,Feuerschutz-Gürtel,itbe_addon_prot_fire,,,Goldenes Zepter,itri_goldskipetr_nomagic,Ungeladenes Adanos-Zepter,,,,,,Wurzelnetz,itsc_greententacle,,,Hypnose,itru_control,Funktioniert nicht und kommt nicht im Spiel vor,,Drachenblut,itat_dragonblood,,,Auster,itfo_addon_shellflesh,,,Nachtwanderer,itrw_double_01,,,Trainings-Speer,newbie_speer,,,Leichter Fisch,itse_ringfisch,Mit Ring,,Attilas Rüstung,itar_atilla,,,Ork-Schamanen-Schlüssel,itke_canyonlibrary_hierarchy_books_addon,Öffnet Bibliothek und Truhen darin,,,,,,,Dunkle Seelen-Kristall,itmi_seekersoul,
Cor Angar,djg_705_angar_li,Bei der Krypta,,"Plötzlicher Tod"-Gift,itpo_greendeath,,,Gezacktes Kraut,itpl_speed_herb_01,,,Fortunos Notiz,itwr_addon_joint_01,Rezept für Grünen Novizen,,Cor Angars Amulett,itam_mana_angar_mis,,,Magischer Schutz-Gürtel,itbe_addon_prot_magic,,,Diamant-Goldring,itri_gold_diam,,,,,,,Untoten-Vernichtung,itsc_harmundead,,,Elementenkreuz,itru_crestelements,"Quest ""Artefakte der Antike""",,Drachenei,itat_dragonegg_mis,,,Ork-Schnaps,itfo_addon_shnaps_orks,,,Knochenbogen,itrw_bow_h_01,,,Falks,heerscherstab,,,Gallahads Beutel,itse_taliasanpocket,,,Avabyuls Rüstung,itar_avabul_armor,Keine Textur,,Verrosteter Schlüssel,itke_caracust,Öffnet Truhen hinter Karakust,,,,,,,Schwarzer Kristall,itmi_crystalblack,
Cor Angar,djg_705_Angar_NW,Im Bruderschaftslager,,Wächter-Elixier (Kommt nicht im Spiel vor),itpo_guardianselixir,Feuer-/Magie-Resistenz +5,,Drachenwurzel,itpl_strength_herb_01,,,"Lous Hammer"-Rezept,itwr_lou_rezept,,,Schatten-Amulett,itam_masiafkey,Amulett zum Öffnen des Assassinen-Waldes,,Eichenhaut-Gürtel,itbe_addon_prot_point,,,Smaragd-Goldring,itri_gold_emer,,,,,,,Eispfeil,itsc_icebolt,,,Dunkelball,itru_darkball,Schwarzmagier 2. Kreis,,Drachenherz,itat_dragonheart,Kommt nicht im Spiel vor,,Reiner Alkohol,itfo_alcohol,,,Eichen-Bogen,itrw_bow_h_02,,,Stahl-Speer,itmw_speer,,,Waffenpaket,itse_weapon_sack,Assassinen-Wald,,Avabyuls Flügel,itar_avabul_wings,Kann nicht angelegt werden,,Dementor-Schlüssel,itke_chestmasterdementor_mis,Öffnet Truhen mit Machtauge,,,,,,,Großjäger-Talisman,itmi_huntsign,
Austin,bdt_orcmercnerary_ostin,Ork-Söldner,,Trank,itpo_healhilda_mls,Trank gegen Besessenheit,,Sumpfkraut,itpl_swampherb,,,"Doppelter Lous Hammer"-Rezept,itwr_lou_rezept2,,,Opal-Amulett,itam_opal,,,Unberührbarkeits-Gürtel,itbe_addon_prot_total,,,Opal-Goldring,itri_gold_opal,,,,,,,Eisblock,itsc_icecube,,,Rune,itru_darkcloud,Funktioniert nicht und kommt nicht im Spiel vor,,Drachenschuppen,itat_dragonscale,,,Apfel,itfo_apple,,,Kampfbogen,itrw_bow_h_03,,,Söldner-Speer,"itmw_swordspear1h
itmw_swordspear",,,Lederbeutel,itse_xardasnotfallbeutel_mis,Mit Innos-Auge,,Großer Beutel,itar_avabul_wood,???,,Schlüssel zur Truhe auf Sekobs Farm,itke_chest_sekob_xardasbook_mis,Öffnet Truhen auf Sekobs Farm,,,,,,,Tropisches Buchen-Stück,itmi_buktree,
Angus,pir_1370_addon_angus,,,Trank,itpo_healobsession_mis,Trank gegen Besessenheit,,Rotes Sumpfkraut,itpl_swampherb_02,Vergessene Insel 7r,,Mana-Fülle-Rezept,itwr_addon_mana_04,,,?,itam_orcamulet,,,Bruderschafts-Novizen-Gürtel,itbe_addon_sek_01,,,Rubin-Goldring,itri_gold_ruby,,,,,,,Eislanze,itsc_icelance,,,Geisteskontrolle,itru_darkcontrol,Schwarzmagier 2. Kreis,,Drachenschnapper-Horn,itat_drgsnapperhorn,,,Schinken,itfo_bacon,,,Drachenbogen,itrw_bow_h_04,,,Stahlbeschlagener Speer,itmw_speer_01,,,Cavalorns Ledertasche,itse_addon_cavalornsbeutel,,,Gastwirt-Kleidung,itar_barkeeper,,,Schlüssel zum Turm am Südtor,itke_city_tower_01,Öffnet Türen zum Turm,,,,,,,Armbrust-Basis,itmi_buk_arbalet,
Ar Dagar,orcwarrior_minecommander,,,Trank,itpo_healrandolph_mls,Trank gegen Besessenheit,,Sumpfkraut,itpl_swampherb_balam_01,Kommt nicht im Spiel vor,,Geistesumwandlungs-Elixier-Rezept,itwr_addon_mcelixier_01,,,Seelen-Beschwörungs-Amulett,itam_prot_blackeye_mis,Schutz vor Besessenheit,,Leichter Söldner-Gürtel,itbe_addon_sld_01,,,Saphir-Goldring,itri_gold_sapp,,,,,,,Eiswelle,itsc_icewave,,,Rune,itru_darkheal,Funktioniert nicht und kommt nicht im Spiel vor,,Feuerdrachen-Herz,itat_firedragonheart,,,Bier,itfO_beer,,,Kurzbogen,itrw_bow_l_01,,,Rademes' Speer,itmw_speer_02,,,Schatztruhe,ise_addon_francischest,,,Unterwäsche,itar_baron_babe_addon,,,Schlüssel zum Turm am Südtor,itke_city_tower_02,Öffnet Türen zum Turm,,,,,,,Diamant,itmi_diamod,
Arokh,orc_arokh,Ork-Söldner,,Heilessenz,itpo_health_01,,,Sumpfkraut,itpl_swampherb_balam_02,Kommt nicht im Spiel vor,,"Schneller Hering"-Rezept,itwr_addon_piratentod,,,Panzer-Amulett,itam_prot_edge_01,,,Söldner-Gürtel,itbe_addon_sld_02,,,Topas-Goldring,itri_gold_topaz,Kommt nicht im Spiel vor,,,,,,Feuerball,itsc_instantfireball,,,Dunkler Diener-Beschwörung,itru_darkpetsummon,Dunkler Ritter,,Feuergolem-Herz,itat_firegolemheart,,,Rübensuppe,itfo_beetsoup,,,Weiden-Bogen,itrw_bow_l_02,,,Silbermond,itmw_speer_silver,,,Köcher,itse_arrow_sack,,,Bäuerin-Kleidung,itar_baubabe_l,,,Schlüssel zum Turm am Osttor,itke_city_tower_03,Öffnet Türen zum Turm,,,,,,,Erzpaket,alefnuggetsbag,
Asgard,xor_12201_warriornature,,,Heilextrakt,itpo_health_02,,,Sumpfkraut,itpl_swampherb_balam_03,Kommt nicht im Spiel vor,,Schmutziges Papier,itwr_addon_pirates_01,Notiz aus Angus' Tasche,,Feuer-Amulett,itam_prot_fire_01,,,Schwerer Söldner-Gürtel,itbe_addon_sld_03,,,Grittas Ring,itri_grittasring,Kommt nicht im Spiel vor,,,,,,Pfeil der Finsternis,itsc_lacerate,,,Dunkler Pakt,itru_darkrune_absorb,Dunkler Ritter,,Feuer-Essenz,itat_firegolemheartuniq,,,"Beliars Tränen"-Wein,itfo_beliartear,,,Jagdbogen,itrw_bow_l_03,,,Runischer Reißzahn,itmw_heavyswordspear,,,"Diegos alter Lederbeutel",itse_diegostreasure_mis,,,Bäuerin-Kleidung,itar_baubabe_l_new,,,Schlüssel zum Turm am Osttor,itke_city_tower_04,Öffnet Türen zum Turm,,,,,,,Uraltes Relikt,itmi_parlanrelic_mis,
Attila,vlk_494_Attila,,,Heiltrank,itpo_health_03,,,Feld-Knöterich,itpl_temp_herb,,,Nekromanten-Runenbuch 1,itwr_addon_runemaking_dmt_circ1,,,Mut-Amulett,itam_prot_mage_01,,,Stärke-Gürtel,itbe_addon_str_10,,,Dagoths Ring,itri_guardians_01,,,,,,,Licht,itsc_light,,,Körperschutz,itru_darkrune_defense,Dunkler Ritter,,Weiße Puma-Haut,itat_whitepuma,,,"Beliars Tränen"-Wein,itfo_beliartear_haniar,,,Jagdbogen,itrw_bow_l_03_mis,Gehört Bosper,,Banditen-Speer,itmw_speer_bandit,,,Kugelfisch,itse_erzfisch,Mit Erzbrocken,,Leichte Bäuerin-Kleidung,itar_baubabe_m,,,Schlüssel zum Turm bei Constantinos Haus,itke_city_tower_05,Öffnet Türen zum Turm,,,,,,,Feuerstein,itmi_firestone,
Ash'Thar,none_103_dragon_gold,,,Lebensfülle,itpo_health_addon_04,50% LP,,Verdorbenes Kraut,itpl_unweed,Kommt nicht im Spiel vor,,Nekromanten-Runenbuch 2,itwr_addon_runemaking_dmt_circ2,,,Eichenhaut-Amulett,itam_prot_point_01,,,Stärke-Gürtel,itbe_addon_str_5,,,Elementen-Ring,itri_guardians_02,,,,,,,Heilung,itsc_lightheal,,,Geistesschutz,itru_darkrune_elementaldefence,Dunkler Ritter,,Feuerechsen-Zunge,itat_waranfiretongue,,,Gin,itfo_booze,,,Ulmen-Bogen,itrw_bow_l_04,,,Gazguls Speer,itmw_speer_goblindemon,,,Angel,itse_fangel,,,Leichte Bäuerin-Kleidung,itar_baubabe_m_new,,,Schlüssel zum Turm im Handwerkerviertel,itke_city_tower_06,Öffnet Türen zum Turm,,,,,,,Seelenstein,itmi_stonesoul,
Babera,BAU_934_Babera,,,Blutsauger-Stachel-Elixier,itpo_health_addon_04_new,100% LP,,Unkraut,itpl_weed,,,Nekromanten-Runenbuch 3,itwr_addon_runemaking_dmt_circ3,,,Schwarzerz-Haut-Amulett,itam_prot_total_01,,,Taschendieb-Gürtel,itbe_addon_thief_01,,,Ring,itri_hakonmissring,Hakons,,,,,,Blitzschlag,itsc_lightningflash,,,Blutopfer,itru_darkrune_healpet,Dunkler Ritter,,Goblin-Knochen,itat_goblinbone,,,Vins Geist,itfo_booze_ext,,,Kompositbogen,itrw_bow_m_01,,,Verrückter Soldaten-Speer,itmw_oldshabbyspear,,,,,,,Leichte Bauern-Kleidung,itar_bau_l,,,Schlüssel zu Constantinos Keller,itke_constantino,Öffnet Constantinos Keller und Truhen darin,,,,,,,Wassersphäre,itmi_watershpere,
Babo,NOV_612_Babo,,,Elixier reiner Energie,itpo_health_addon_05,50% LP 50% Mana,,Sonnen-Aloe,itpl_xagitta_herb_mis,,,Nekromanten-Runenbuch 4,itwr_addon_runemaking_dmt_circ4,,,Rubin-Amulett,itam_ruby,,,Schatten-Gürtel,itbe_addon_thief_02,,,Vitalitäts-Ring,itri_hp_01,LP +20,,,,,,Feuerkäfig,itsc_magiccage,Funktioniert nicht und kommt nicht im Spiel vor,,Seuche,itru_darkrune_Illness,Dunkler Ritter,,Golddrachen-Herz,itat_golddragonheart,,,Brot,itfo_bread,,,Eschen-Bogen,itrw_bow_m_02,,,Untoten-Alptraum,itmw_speer_silver_strong,,,Gerbrandts Beutel,itse_gerbrandpocket,,,Leichte Bauern-Kleidung,itar_bau_l_01,,,Constantinos Schlüssel,itke_const_key,"Schlüssel für Quest ""Constantinos Schlüssel""",,,,,,,Feuersphäre,itmi-fireshpere,
Bagrus,vlk_6002_bagrus,,,Heil-Extrakt,itpo_health_fakeheal,Für NPC-Animation,,,,,,Nekromanten-Runenbuch 5,itwr_addon_runemaking_dmt_circ5,,,Glänzendes Schwarzerz-Amulett,itam_rubyb,,,Meisterdieb-Gürtel,itbe_addon_thief_03,,,Lebens-Ring,itri_hp_02,LP +40,,,,,,Seelen-Zerreißung,itsc_manaforlife,,,Paranoia,itru_darkrune_lord,Dunkler Ritter,,Uturs Horn,itat_uturtrollhorn,,,Süßbrot,itfo_breadcrap,Kommt nicht im Spiel vor,,Langbogen,itrw_bow_m_03,,,Masjafs Speer,itmw_speer_03,,,Schwerer Fisch,itse_goldfisch,Mit Gold,,Leichte Bauern-Kleidung,itar_bau_l_02,,,Cor Kaloms Schlüssel,itke_corgalom,Öffnet Truhen nach dem Kampf mit ihm,,,,,,,Steinsphäre,itmi_stoneshpere,
Balam,sek_8046_balam,,,Piraten-Nudelsuppe,itpo_health_liker,Mana +1 LP +3,,,,,,Nekromanten-Runenbuch 6,itwr_addon_runemaking_dmt_circ6,,,Saphir-Amulett,itam_sapphire,,,Tempelwächter-Gürtel,itbe_addon_tpl_01,,,Drakils Familienring,itri_hp_mana_01,Kommt nicht im Spiel vor,,,,,,Schwarzer Nebel,itsc_massdeath,,,Vampirismus,itru_darkrune_steal,Dunkler Ritter,,Warg-Haut,itat_wargfur,,,Apfelkuchen,itfo_cake_apple,,,Buchen-Bogen,itrw_bow_m_04,,,Itu'Seds Hand,itmw_butcherspeer,,,Lederbeutel,itse_goldpocket100,,,Leichte Bauern-Kleidung,itar_bau_l_trans,,,Schlüssel zu Nergals Turm,itke_darktower_01,Öffnet Türen zu Nergals Turm,,,,,,,Finsternis-Sphäre,itmi_darkshpere,
Balor,sek_8038_balor,,,Trank zum Schutz vor dem nächsten Angriff,itpo_hitpotion,,,,,,,Guru-Runenbuch 1,itwr_addon_runemaking_gur_circ1,,,Schwarzerz-Kristall-Amulett,itam_sapphireb,,,Drachenschuppen-Gürtel,itbe_dragonbelt,,,Energie-Ring,itri_hp_parlan,LP +30 Mana +10,,,,,,Sanfte Berührung,itsc_mediumheal,,,Schwarzer Schlaf,itru_darksleep,Schwarzmagier 3. Kreis,,Eisdrachen-Herz,itat_icedragonheart,,,Honigkuchen,itfo_cake_honey,,,Erfahrener Jäger-Bogen,itrw_bow_m_05,,,Dämon-Speer,itmw_demonspear,,,Ignaz' Beutel,itse_goldpocket100_ignaz,,,Leichte Bauern-Kleidung,itar_bau_m,,,Düsterer Schnitter-Schlüssel,itke_darkzhnez,Öffnet Winde in der Schmerzhöhle,,,,,,,Runenstein-Stück,itmi_stoneguardianpiece,
Balthasar,BAU_932_Balthasar,,,Geistes-Elixier,itpo_intellect,,,,,,,Guru-Runenbuch 2,itwr_addon_runemaking_gur_circ2,,,Stahl-Magier-Amulett,itam_steel_mage,,,Drachenhaut-Gürtel,itbe_dragonbeltdex,,,Jäger-Ring,itri_huntring,Geschicklichkeit +8,,,,,,Heilung,itsc_orcheal,Verwundeter Ork-Schriftrolle von Salandril,,Schwarze Lanze,itru_darkspear,Schwarzmagier 5. Kreis,,Eisgolem-Herz,itat_icegolemheart,,,Fleischkuchen,itfo_cake_meat,,,Falken-Auge,itrw_bow_m_06,,,Uralte Lanze,itmw_speer_04,,,Lederbeutel,itse_goldpocket25,,,Leichte Bauern-Kleidung,itar_bau_m_ext,,,Dexters Schlüssel,itke_dexter,Öffnet Truhen in Dexters Lager,,,,,,,Ektoplasma,itmi_plazma,
Baltram,VLK_410_Baltram,,,Aus dem Spiel entfernter Gegenstand,itpo_intellect2,,,,,,,Guru-Runenbuch 3,itwr_addon_runemaking_gur_circ3,,,Stahl-Schurken-Amulett,itam_steel_thief,,,Grah-Shah,itmi_grahshar,,,Ihyals Ring,itri_ihiyal,Mana +30 LP +50,,,,,,Dämon-Verbannung,itsc_paldestroydevil,,,Morkus Umarmung,itru_darkstatsup,Dunkler Ritter,,Herz des schwarzen Drachen-Wächters,itat_uzdragonheart,Kommt nicht im Spiel vor,,Pilzkuchen,itfo_cake_mushroom,,,Jägerglück,itrw_bow_uniq_01,,,Beliars Klaue,itmw_speer_claw,Speer,,Lederbeutel,itse_goldpocket50,,,Schwerer Banditen-Panzer,itar_bdt_f,,,Schlüssel aus Drachenschnapper-Bauch,itke_dragonsnapper,Öffnet Truhen beim Baum neben dem Feuerdrachen,,,,,,,Gold-Nugget,itmi_addon_goldnugget,
Barem,hun_744_barem,,,Magieschutz-Elixier,itpo_magdefence,Kommt nicht im Spiel vor,,,,,,Guru-Runenbuch 4,itwr_addon_runemaking_gur_circ4,,,Pfötchen-Amulett,itam_steel_thieffingers,,,Berserker-Gürtel,itbe_nordmarbelt,,,Innos' Mut,itri_innosjudge,Resistenz gegen alles +45,,,,,,Innos' Licht,itsc_palfullheal,,,Verheerung,itru_darkwave,Schwarzmagier 6. Kreis,,Wakhans Wächter-Herz,itat_kratukheart,,,Käse,itfo_cheese,,,Alte leichte Armbrust,itrw_crossbow_broken,,,Beliars Klaue (mit Seele),itmw_speer_clawsenyak,Speer,,Goldmünzen,itse_goldstack,,,Schwerer Banditen-Panzer,itar_bdt_fs,,,Schlüssel zur Waffenkammer auf dem Ork-Drakkar,itke_drakar_key_01,Öffnet Waffenkammer auf dem Drakkar,,,,,,,Stampfer,itmi_stomper,
Bartok,VLK_440_Bartok,,,Mana-Essenz,itpo_mana_01,,,,,,,Guru-Runenbuch 5,itwr_addon_runemaking_gur_circ5,,,Stahl-Krieger-Amulett,itam_steel_warrior,,,,,,,Izulgs Ring,itri_izulg,Mana +20 LP +75,,,,,,Heiliger Geschoss,itsc_palholybolt,,,Schleier der Finsternis,itru_dark_invis,Schwarzmagier 3. Kreis,,Lurker-Ei,itat_lurkeregg,,,Waldbeeren-Kompott,itfo_compote_00,,,Schwere Armbrust,itrw_crossbow_h_01,,,Ar'Ihair,itmw_speer_blood,,,Lederbeutel,itse_golemchest_mis,Mit Ring und Gold,,Banditen-Panzer,itar_bdt_h,,,Schlüssel zur Kajüte auf dem Ork-Drakkar,itke_drakar_key_capitan,Öffnet Kajüte auf dem Drakkar,,,,,,,Fokussierstein,itmi_focus,
Buster,SLD_802_Buster,,,Mana-Extrakt,itpo_mana_02,,,,,,,Guru-Runenbuch 6,itwr_addon_runemaking_gur_circ6,,,Stärke-Amulett,itam_strg_01,,,,,,,Kreols Ring,itri_kreolplace,,,,,,,Heilige Flamme,itsc_pallight,,,Todesball,itru_deathball,Nekromant 4. Kreis,,Lurker-Krallen,itat_lurkerclaw,,,Feldbeeren-Kompott,itfo_compote_01,,,Drachenjäger-Armbrust,itrw_crossbow_h_02,,,Dämonischer Speer,itmw_speer_05,,,Lederbeutel,itse_hannasbeutel,von Hanna,,Leichter Banditen-Panzer,itar_bdt_m,,,Gomez' Schlüssel,itke_erzbaronflur,Öffnet eine der Türen zum Turm,,,,,,,Leere Flasche,itmi_bottle_empty,
Bengar,BAU_960_Bengar,,,Mana-Elixier,itpo_mana_03,,,,,,,Feuermagier-Runenbuch 1,itwr_addon_runemaking_kdf_circ1,,,Topas-Amulett,itam_topaz,,,,,,,Ring mit Aquamarin,itri_lancering,Gehört Lance,,,,,,Sanfte Berührung,itsc_pallightheal,,,Pfeil der Finsternis,itru_deathbolt,Nekromant 1. Kreis,,Lurker-Haut,itat_lurkerskin
,,,Coragons Bier,itfo_coragonbeer,,,Böses Omen,itrw_crossbow_h_03,,,Stahl-Klingen,"itmw_1h_dual_iron_right
itmw_1h_dual_iron_left",,,Leichter Fisch,itse_lockpickfisch,Mit Dietrichen,,Schwerer Anführer-Banditen-Panzer,itar_bdt_v,,,Gomez' Schlüssel,itke_erzbaronraum,Öffnet eine der Türen zum Turm,,,,,,,Leere Giftflasche,itmi_poisonbottle,
Bennet,SLD_809_Bennet,Khorinis,,Mana-Fülle,itpo_mana_addon_04,,,,,,,Feuermagier-Runenbuch 2,itwr_addon_runemaking_kdf_circ2,,,Irrwisch-Sucher-Amulett,itam_wanderingfire,,,,,,,Glanz' Ring,itri_lanzring,,,,,,,Reinigender Flamme,itsc_palmediumheal,,,RESERVIERT,itru_deathstrike,Funktioniert nicht und kommt nicht im Spiel vor,,Lucians Herz,itat_luzianheart,,,Vorsehungs-Balsam,itfo_ealbalzam,,,Leichte Armbrust,itrw_crossbow_light,,,Abgenutzte Zwillings-Klingen,"itmw_1h_dual_old_right
itmw_1h_dual_old_left",,,Luteros Beutel,itse_lutterobigpocket,,,Dexters Rüstung,itar_bdt_v_dex,,,Gomez' Schlüssel,itke_erzbarontreasure,Öffnet Truhen in Gomez' Turm,,,,,,,Schatten-Golem-Stück,itmi_piecedarkgolem,
Bennet,SLD_809_Bennet_DI,Auf Irdorath,,Embarla Firgastro,itpo_megadrink,,,,,,,Feuermagier-Runenbuch 3,itwr_addon_runemaking_kdf_circ3,,,Zigoss Amulett,itam_zigosmagic,,,,,,,Ring magischer Macht,itri_littlemana,Mana +5,,,,,,Finsternis-Zerstreuung,itsc_palrepelevil,,,Zorn des Schöpfers,itru_destroyguardians,7. Kapitel,,Käfer-Fleisch,itat_meatbugflesh,,,Vergessens-Wein,itfo_ealbalzamtwo,,,Leichte verstärkte Armbrust,itrw_crossbow_lightbetter,,,Verzierte Klingen,"itmw_1h_dual_steel_right
itmw_1h_dual_steel_left",,,Nigels Beutel,itse_nigelpocket,,,Anführer-Banditen-Panzer,itar_bdt_w,,,Alter Eisenschlüssel,itke_evt_crypt_01,Öffnet Truhen in Inubis' Krypta,,,,,,,Innos-Marmor-Statue,itmi_innosmramorstatue,
Bennet,sld_809_bennet_li,Auf der vergessenen Insel,,Macht-Elixier,itpo_megapotionskill,Mana +5 Stärke +2 Geschicklichkeit +2,,,,,,Feuermagier-Runenbuch 4,itwr_addon_runemaking_kdf_circ4,,,,,,,,,,,Loas Ring,itri_loa,LP +100,,,,,,Großer Feuersturm,itsc_pyrokinesis,,,Geringere Fluch der Finsternis,itru_dot_first,Schwarzmagier 1. Kreis,,Gebratenes Käfer-Fleisch,itat_meatbugflesh_gebraten,,,Fisch,itfo_fish,,,Jäger-Armbrust,itrw_crossbow_l_01,,,Gekrümmte Zwillings-Klingen,"itmw_1h_dual_curved_right
itmw_1h_dual_curved_left",,,Olavs Beutel,itse_olav,,,Blut-Panzer,itar_bloodarmor,,,Alter Messing-Schlüssel,itke_evt_crypt_02,Öffnet Truhen in Inubis' Krypta,,,,,,,Senyaks Seelen-Stein,itmi_stonesoul_senyak,
Benchel,vlk_6130_benchel,,,Fregyals Trank,itpo_megapotionskill_fregual,Trank für die Rückgabe von Krayt,,,,,,Feuermagier-Runenbuch 5,itwr_addon_runemaking_kdf_circ5,,,,,,,,,,,Magie-Ring,itri_mana_01,Mana +5,,,,,,Erdbeben,itsc_quake,,,Größerer Fluch der Finsternis,itru_dot_seconds,Schwarzmagier 2. Kreis,,Geister-Schattenbiest-Haut,itat_nighthunterfur,,,Fischsuppe,itfo_fishsoup,,,Armbrust,itrw_crossbow_l_02,,,Löwen-Reißzähne,"itmw_1h_dual_ore_right
itmw_1h_dual_ore_left",,,Leichter Fisch,itse_ringfisch,Mit Ring,,Blut-Robe,itar_bloodrobe,,,Alter Messing-Schlüssel,itke_evt_crypt_03,Öffnet Truhen in Inubis' Krypta,,,,,,,Ring-Form,itmi_steelform,
Diego,PC_ThiefOW,Minental,,,,,,,,,,Xardas' Notizen,itwr_fregarah,Für Quest Grenzenlose Macht,,,,,,,,,,,,,,,,Teleportation zu Xardas,itru_teleportxardas,Funktioniert nicht und kommt nicht im Spiel vor,,,,,,,,,,,,,,Kampfaxt aus magischem Erz,itmw_2h_orchumangreataxe,,,,,,,Ritter-Helm,itar_helm_03,,,Goblin-Schlüssel,itke_xardasgoblinkey,Öffnet Truhen beim Goblin neben Xardas' Turm,,,,,,,Ubijaczka,itmi_stomper,
Diego,PC_Thief_DI,Irdorath,,,,,,,,,,Heiltrank-Rezept,itwr_fullhealth_02,aus Blutsauger-Stacheln,,,,,,,,,,,,,,,,Donnerball,itru_thunderball,Wassermagier 4. Kreis,,,,,,,,,,,,,,Dragotar,itmw_2h_draconsword_01,,,,,,,Skelett-Lord-Helm,itar_helm_arahar,,,Schlüssel zur Truhe im versunkenen Turm,itke_xardasowt,Öffnet Truhen in Xardas' Versunkenem Turm,,,,,,,Fokussierstein,itmi_focus,
Diego,pc_thief_li,Vergessene Insel,,,,,,,,,,Notiz,itwr_galkgrandfather_02,"Quest ""Suchaktionen""",,,,,,,,,,,,,,,,Donner,itru_thunderstorm,Wassermagier 6. Kreis,,,,,,,,,,,,,,Ork-Hammer aus magischem Erz,itmw_2h_neworchuman_01,,,,,,,Avabyuls Krone,itar_helm_avabul,,,Schlüssel zum Keller im Hotel,itke_xhiefguildkey_hotel_mis,Öffnet Türen zum Hotel-Keller,,,,,,,Mondstein,itmi_moonstone,
Diego,PC_Thief_NW,Khorinis,,,,,,,,,,Gerbrandts versiegelter Brief,itwr_gerbrandseclet,,,,,,,,,,,,,,,,,Qual,itru_torture,Schwarzmagier 6. Kreis,,,,,,,,,,,,,,Ork-Beil aus magischem Erz,itmw_2h_orchumanaxe_02,,,,,,,Blut-Helm,itar_helm_blood,,,Verrosteter Schlüssel,itke_zhiefguildkey_mis,Öffnet Türen zu den Kanälen unter Khorinis,,,,,,,Pfeife,itmi_smoke_pipe,
Xardas,NONE_100_Xardas,,,Sagittas Trank,itpo_sagittaclawpotion,Trank für Klaue,,,,,,Dämonensprache,itwr_demonlang,Kommt nicht im Spiel vor,,,,,,,,,,Udars Ring,itri_udargift,,,,,,,,,,,Frost-Blitz,itru_rapidficebolt,Funktioniert nicht und kommt nicht im Spiel vor,,,,,,,,,,,,,,Schwert der Verlorenen Seelen,itmw_1h_lostsoul,,,,,,,Übertragener Drachenjäger-Panzer,itar_djg_m_v2,,,Ur-Vatahs Schlüssel,itke_orkknastdi_mis,???,,,,,,,Goldener Kelch,itmi_cupgold,
"Ktar'Ar, Avatar des Chaos",ilarah,Boss in 74,,Schläfer-Elixier,itpo_sleeper,Mana +100 Int +15,,,,,,Dämon-Schriftrolle,itwr_demonscroll,???,,,,,,,,,,Ulfs Ring,itri_ulf,,,,,,,,,,,Gift-Gestank,itru_severefetidity,Guru 5. Kreis,,,,,,,,,,,,,,Laga,itmw_1h_bau_mace,,,,,,,Übertragener Drachenjäger-Panzer,itar_djg_m_v3,,,"Schlüssel zum Zimmer in der Taverne ""Tote Harpyie""",itke_orlan_hotelzimmer,Öffnet Türen zum Zimmer in Orlans Taverne,,,,,,,Wasser-Perle,itmi_watercrystal,
Quarhodron,NONE_ADDON_111_Quarhodron,Jharkendar,,Seelen-Extrakt,itpo_soulpotion,Für Wächter-Quest,,,,,,Nacht-Schatten,itwr_demontale,,,,,,,,,,,Unbekannter Ring,itri_unknownring,???,,,,,,,,,,Schrei der Toten,itru_skull,Nekromant 5. Kreis,,,,,,,,,,,,,,Alter Knüppel,itmw_nagelkeuleold,,,,,,,Übertragener Drachenjäger-Panzer,itar_djg_m_v4,,,Orlans Schlüssel,itke_orlan_teleportstation,Öffnet Türen zum Teleporter beim Friedhof,,,,,,,Schwarzer Kristall,itmi_crystalblack,
Quarhodron,none_addon_1158_quarhodron,Rache der Uralten,,Dunkle Seele,itpo_soulriver,Aus Seelen-Kristallen,,,,,,Jäger-Steintafel,itwr_dexstoneplate1_addon,,,,,,,,,,,Valentinos Ring,itri_valentinosring,,,,,,,,,,,Schlaf,itru_sleep,Guru 1. Kreis,,,,,,,,,,,,,,Knüppel,itmw_nagelkeule,,,,,,,Übertragener Drachenjäger-Panzer,itar_djg_m_v5,,,Paladin-Truhen-Schlüssel,itke_paladintruhe,Öffnet Truhen im Obergeschoss der Paladin-Schlafräume,,,,,,,Stahl-Stab,itmiswordraw,
Kudir,ass_394_adept,,,Beschleunigungs-Trank,itpo_speed,Dauer: 2 Minuten,,,,,,Jäger-Steintafel,itwr_dexstoneplate2_addon,Kommt nicht im Spiel vor,,,,,,,,,,Eber-Ring,itri_vepr,,,,,,,,,,,Stein-Faust,itru_stonefirst,Guru 2. Kreis,,,,,,,,,,,,,,Schwerer Knüppel,itmw_nagelkeule2,,,,,,,Schwere Nekromanten-Robe,itar_dmt_h,,,Lord Hagens Schlüssel,itke_pass_mis,Öffnet Winde des Pass-Tores,,,,,,,Wetzstein,itmi_zharpstone,
Kurgan,DJG_708_Kurgan,,,Doppelter Beschleunigungs-Trank,itpo_speed_02,Dauer: 4 Minuten,,,,,,Jäger-Steintafel,itwr_dexstoneplate3_addon,Kommt nicht im Spiel vor,,,,,,,,,,Xardas-Teleport-Ring,itri_xardasplace,Teleportation zu Xardas,,,,,,,,,,Dämonologie-Rune,itru_sumdemon,Kommt nicht im Spiel vor,,,,,,,,,,,,,,Kriegshammer,itmw_kriegshammer2,,,,,,,Besudelte schwere Nekromanten-Robe,itar_dmt_h_beliar_1,,,Piraten-Taverne-Schlüssel,itke_pirattavern_key,Öffnet Türen zum Lager neben Bartholomäus,,,,,,,Großjäger-Talisman,itmi_huntsign,
Kurt,vlk_660_olaf,,,Schwarzer Schnapper,itpo_speed_03,Dauer: 12 Minuten,,,,,,Dexters Notiz über Gold,itwr_dextergoldnote,Kommt nicht im Spiel vor,,,,,,,,,,,,,,,,,,,,,,Dämonologie-Rune,itru_sumdemonhub,Beschwört Hubaxis,,,,,,,,,,,,,,Schädelspalter,itmw_spicker,,,,,,,Geweihte schwere Nekromanten-Robe,itar_dmg_h_beliar_3,,,Teleport-Raum-Schlüssel,itke_portaltempelwalkthrough_addon,Öffnet Türen zum Teleporter in den Ausgrabungen,,,,,,,Tropisches Buchen-Stück,itmi_buktree,
Kurier,vlk_6135_ferdinandman,Ferdinands toter Kurier,,Schwacher Beschleunigungs-Trank,itpo_speed_week,Dauer: 1 Minute,,,,,,Brief,itwr_dexterorder,von einem der Banditen-Anführer,,,,,,,,,,,,,,,,,,,,,,Dämonologie-Rune,itru_sumdemon_01,Dämonologie-Dämon Stufe 1,,,,,,,,,,,,,,Kampf-Keule,itmw_streitkolben,,,,,,,Schwere Schwarzmagier-Robe,itar_dmt_h_dem,,,Schloss-Gefängnis-Schlüssel,itke_prisonkey_mis,Öffnet Türen zum Gefängnis im Schloss,,,,,,,Kawałek tropikalnego buka,itmi_buktree,
Kuta,kuta,Spinne aus den Eisbergen,,Ausdauer-Trank,itpo_stamina,,,,,,,Fahndungsplakat,itwr_dexterwantedposter,Dexters Fahndungsplakat,,,,,,,,,,,,,,,,,,,,,,Dämonologie-Rune,itru_sumdemon_02,Dämonologie-Dämon Stufe 2,,,,,,,,,,,,,,Knochenbrecher,itmw_steinbrecher,,,,,,,Besudelte schwere Schwarzmagier-Robe,itar_dmt_h_dem_beliar3,,,Nrozas' Schlüssel,itke_pw_sklad,Öffnet Lager-Gitter im Assassinen-Wald,,,,,,,Armbrust-Basis,itmi_buk_arbalet,
Dabar-Shack,orc_8206_dakar,Ork der die Schmiede bewacht,,Troll-Herz-Ausdauer-Elixier,itpo_troll_stamina,Ausdauer +1 (kommt nicht im Spiel vor),,,,,,Brief,itwr_dextrait,"Brief für Quest ""Banditen-Verstecke""",,,,,,,,,,,,,,,,,,,,,,Dämonologie-Rune,itru_sumdemon_03,Dämonologie-Dämon Stufe 3,,,,,,,,,,,,,,Tarakots Hammer,itmi_taracothammer,,,,,,,Finsternis-Bote-Robe,itar_dmt_h_npc,,,Richter-Schlüssel,itke_richter,Öffnet Truhen im Richter-Haus,,,,,,,Diamant,itmi_diamod,
Dagoth,dmt_121200_dagot,Wächter-Tor,,Baal Tyons Trank,itpo_tyonpotion,Mana +10,,,,,,Finsternis-Novizen-Tagebuch,itwr_diary_blacknovice_mis,,,,,,,,,,,,,,,,,,,,,,,Dämonologie-Rune,itru_sumdemon_04,Dämonologie-Dämon Stufe 4,,,,,,,,,,,,,,Stachel-Keule,itmw_1h_mace_107,,,,,,,Nekromanten-Robe,itar_dmt_l,,,Runen-Schlüssel,itke_rune_mis,Öffnet Truhen unter der Brücke zur Toten Harpyie,,,,,,,Paczka z rudą,alefnuggetsbag,
Dagoth,dmt_12120_dagot,Irdorath,,Untoten-Schild,itpo_undeadshleld,Unsichtbarkeit vor Untoten,,,,,,Brief von Diego,itwr_diegosletter_mis,An Gerbrandt,,,,,,,,,,,,,,,,,,,,,,Dämonologie-Rune,itru_sumdemon_05,Dämonologie-Dämon Stufe 5,,,,,,,,,,,,,,Zermalmer,itmw_1h_blunt_uniq_01,,,,,,,Drachentöter-Panzer,itar_dragonkiller,,,Sagittas Schlüssel,itke_sagittachest,Öffnet Truhen in Sagittas Höhle,,,,,,,Pradawny relikt,itmi_parlanrelic_mis,
Dagoth,dmt_1212_dagot,Khorinis,,Uralter Ork-Elixier,itpo_urtrallpotIon,LP +5 Stärke +3,,,,,,Händler-Notiz,itwr_dimonratnote,,,,,,,,,,,,,,,,,,,,,,,Dämonologie-Rune,itru_sumdemon_06,Dämonologie-Dämon Stufe 6,,,,,,,,,,,,,,Kriegshammer,itmw_kriegshammer1,,,,,,,Egezarts Panzer,itar_egezart,,,Salandrils Schlüssel,itke_salandril,Öffnet Truhen in Salandrils Haus,,,,,,,Ognisty kryształ,itmi_firestone,
Dagrag,strf_8147_dagrag,??? irgendein zufälliger Ork,,Eis-Schutz,itpo_waterfire,Kälte-Resistenz,,,,,,Dophantoss Asche,itwr_diofant_paper,Kommt nicht im Spiel vor,,,,,,,,,,,,,,,,,,,,,,Tesvall-Beschwörung,itru_sumdsnapper,Funktioniert nicht und kommt nicht im Spiel vor,,,,,,,,,,,,,,Zaranns Stern,itmw_morgenstern,,,,,,,Wasserkreis-Panzer,itar_fake_ranger,,,Scattys Schlüssel,itke_scattychest,Öffnet Truhen neben seinem Stand,,,,,,,Sfera kamienia,itmi_stoneshpere,
Damaroc,none_107_damarok,Feuermagier-Geist,,Unsterblichkeits-Elixier,itpo_xmagicdef,Kommt nicht im Spiel vor,,,,,,Panzer-Schema,itwr_djg_armor,aus Kriecher-Panzerplatten,,,,,,,,,,,,,,,,,,,,,,Skelett-Beschwörung,itru_sumgobskel,Nekromant 1. Kreis,,,,,,,,,,,,,,Inquisitor,itmw_inquisitor,,,,,,,Feuer-Wächter-Robe,itar_fireguardian,,,Ork-Schlüssel,itke_shiporccap,Öffnet Truhen in der Kajüte auf dem Drakkar,,,,,,,Artefakt ciemności,itmi_idol_02,
Darius,sld_852_darius,Eisberge,,Ork-Trank,itpo_xorcpotion,Tödlich,,,,,,Ork-Armbrust-Schema,itwr_dragnimrod,,,,,,,,,,,,,,,,,,,,,,,Steingolem-Beschwörung,itru_sumgol,Gallahad 3. Kreis,,,,,,,,,,,,,,Ravens Nacht,itmw_rabenschnabel,,,,,,,Geister-Laterne,itar_ghost_candle,,,"Smaragd"-Kapitäns-Kajüten-Schlüssel,itke_ship_levelchange_mis,Öffnet Türen zur Kapitäns-Kajüte auf dem Schiff,,,,,,,Wodna perła,itmi_watercrystal,
Darius,sld_857_darius,Khorinis,,Ork-Trank,itpo_xorcpotIon02,Stärke/Geschicklichkeit +1 Mana -2,,,,,,Erz-Macht,itwr_dragonhigh,,,,,,,,,,,,,,,,,,,,,,,Eisgolem-Beschwörung,itru_sumicegol,Wassermagier 4. Kreis,,,,,,,,,,,,,,Nordmar-Hammer,itmw_2h_nordmarwarhammer,,,,,,,Auserwählten-Panzer,itar_godarmor,,,Kapellen-Schlüssel,itke_si_sign,Öffnet Türen zur Kapelle auf der Insel Etlu,,,,,,,Stalowy pręt,itmiswordraw,
Daron,KDF_511_Daron,,,,,,,,,,,Drachen-Atem,itwr_dragontale,Band I,,,,,,,,,,,,,,,,,,,,,,Steinwächter-Beschwörung,itru_summonguardian,Jharkendar 3. Kreis,,,,,,,,,,,,,,Godendar,itmw_1h_molagbarmace,,,,,,,Uralter Helm,itar_god_helm,,,Schläfer-Symbol,itke_sleeper,???,,,,,,,Osełka,itmi_zharpstone,
Darrion,xbs_7513_darrion,,,,,,,,,,,Drachen-Atem,itwr_dragontale_2,Band II,,,,,,,,,,,,,,,,,,,,,,Zombie-Beschwörung,itru_summonzombie,Nekromant 2. Kreis,,,,,,,,,,,,,,Scharfer Hammer,itmw_2h_sharpteeth,,,,,,,Gonzales' Panzer,itar_gomez_addon,,,Schläfer-Siegel-Schlüssel,itke_sleepersealkey,Öffnet Strahlen die den Schläfer-Tempel schützen,,,,,,,Ektoplazma,itmi_plazma,
Dar,Sld_810_Dar,,,,,,,,,,,Edelsteine,itwr_dragstone,Kommt nicht im Spiel vor,,,,,,,,,,,,,,,,,,,,,,Schneeschwarm-Beschwörung,itru_sumshoal,Wassermagier 2. Kreis,,,,,,,,,,,,,,Sturm-Hammer,itmw_1h_ancienthammer,,,,,,,Magnaten-Panzer,itar_gomez_addoz,,,Harads Keller-Schlüssel,itke_smithmaster_key,Öffnet Harads Keller und Truhen darin,,,,,,,Sfera wody,itmi_watershpere,
Dusty,xbs_7506_dusty,,,,,,,,,,,Druiden-Magie,itwr_druid_01,,,,,,,,,,,,,,,,,,,,,,,Krieger-Skelett-Beschwörung,itru_sumskel,Nekromant 3. Kreis,,,,,,,,,,,,,,Ar'Dashar,itmw_axe_blood,,,,,,,Gonzales' Panzer,itar_gonsales,,,Steindrachen-Schatz-Schlüssel,itke_stonedragon,Öffnet Truhen im Steindrachen-Schatz,,,,,,,Sfera ognia,itmi-fireshpere,
Dexter,BDT_1060_Dexter,,,,,,,,,,,Tanz der zwei Klingen,itwr_dualfight,,,,,,,,,,,,,,,,,,,,,,,Sumpfgolem-Beschwörung,itru_sumswpgol,Guru 4. Kreis,,,,,,,,,,,,,,Leichte Hellebarde,itmw_halleberde_old,,,,,,,Gouverneurs-Umhang,itar_governor,,,Hafen-Lager-Schlüssel,itke_storage,Öffnet Truhen im Hafen-Lager,,,,,,,Sfera ciemności,itmi_darkshpere,
Dementor,DMT_1299_OberDementor_DI,,,,,,,,,,,Nachricht an Dexter,itwr_dualgonsales,,,,,,,,,,,,,,,,,,,,,,,Druiden-Beschwörungs-Rune,itru_sumtreant,Netbek 4. Kapitel,,,,,,,,,,,,,,Eisen-Hellebarde,itmw_hellebarde,,,,,,,Königlicher Kammerherr-Panzer,itar_grd_i,,,Sumpfdrachen-Schatz-Schlüssel,itke_swampdragon,Öffnet Truhen im Sumpfdrachen-Schatz,,,,,,,Kawałek kamienia runicznego,itmi_stoneguardianpiece,
Demos,dmt_12160_demos,Wächter-Tor,,,,,,,,,,Südländer-Verteidigungs-Kunst,itwr_einhandbuch,,,,,,,,,,,,,,,,,,,,,,,Wolf-Beschwörung,itru_sumwolf,Gallahad 1. Kreis,,,,,,,,,,,,,,Stahl-Hellebarde,itmw_hallebarde_01,,,,,,,Leichter Wachen-Panzer,itar_grd_l,,,Kupfer-Schlüssel,itke_tarakot,Öffnet Truhen beim Tintenfisch,,,,,,,Butelka,itmi_bottle_empty,
Demos,dmt_1216_demos,Khorinis,,,,,,,,,,Elemente-Arkanum,itwr_elementarearcanei,,,,,,,,,,,,,,,,,,,,,,,Schwarm,itru_swarm,Funktioniert nicht und kommt nicht im Spiel vor,,,,,,,,,,,,,,Ibrahims schwerer Speer,itmw_speer_brahim_npc,,,,,,,Übertragener leichter Wachen-Panzer,itar_grd_l_v1,,,Steintor-Schlüssel,itke_temple_scull_01,???,,,,,,,Pusta fiolka,itmi_poisonbottle,
Den,VLK_4112_Den,,,,,,,,,,,Jäger-Notiz,itwr_epaknotehunter,,,,,,,,,,,,,,,,,,,,,,,Geist-Absorption,itru_telekinesis,Funktioniert nicht und kommt nicht im Spiel vor,,,,,,,,,,,,,,Söldner-Hellebarde,itmw_hallebarde_02,,,,,,,Gregs Kleidung,itar_greg,,,Diebe-Schatz-Schlüssel,itke_thieftreasure,Öffnet Truhen in der Diebe-Schatzkammer,,,,,,,Kawałek golema cienia,itmi_piecedarkgolem,
Jarvis,Sld_808_Jarvis,,,,,,,,,,,Erols Empfehlungsbrief,itwr_erolletter,,,,,,,,,,,,,,,,,,,,,,,Wächter-Tor,itru_teleportdagot,Wächter 4. Kapitel,,,,,,,,,,,,,,Ork-Söldner-Hellebarde,itmw_hallebarde_orc,,,,,,,Finsternis-Wächter-Robe,itar_guardian,,,Zwei-Lager-Schlüssel,itke_twostore,Öffnet Türen im Lager im Schloss,,,,,,,Marmurowy posążek innosa,itmi_innosmramorstatue,
Jasper,VLK_446_Jesper,,,,,,,,,,,Notiz,itwr_falkgrandfather_01,"Quest ""Suchaktionen""",,,,,,,,,,,,,,,,,,,,,,Teleportation zum Minental,itru_teleporthiddenpassnw,Funktioniert nicht und kommt nicht im Spiel vor,,,,,,,,,,,,,,Zerreißende Klaue,itmw_hallebarde_03,,,,,,,Schwere Guru-Robe,itar_gur_h,,,Valentinos Schlüssel,itke_valentino,Öffnet
Truhen in Valentinos Haus,,,,,,,Forma do pierścieni,itmi_steelform,
Jaden,nov_11113_jaden,,,,,,,,,,,Fernando-Empfehlungsbrief,itwr_fernandoletter,,,,,,,,,,,,,,,,,,,,,,,Teleportation zum Kloster,itru_teleportmonastery,Funktioniert nicht und kommt nicht im Spiel vor,,,,,,,,,,,,,,Beliars Klaue (ohne Seele),itmw_hallleberde_claw,Hellebarde,,,,,,Guru-Robe,itar_gur_l,,,Lager-Schlüssel,itke_varuskey,Öffnet Türen zum Lager in Fort Azgan,,,,,,,Ganja,itmi_hasish,
Jack,VLK_444_Jack,Khorinis,,,,,,,,,,Schema,itwr_fingersliste,Goldnadel-Spatha,,,,,,,,,,,,,,,,,,,,,,Teleportation zur Steinfestung,itru_teleportoc,Funktioniert nicht und kommt nicht im Spiel vor,,,,,,,,,,,,,,Aleor,itmw_hallebarde_04,,,,,,,Schwere Guru-Robe,itar_gur_oran,,,Seltsam gebogener Schlüssel,itke_vulfgaar_key,Öffnet Durchgang in Wulfgars Raum,,,,,,,Posążek demona,itmi_statue_demon_01,
Jack,VLK_444_Jack_DI,Irdorath,,,,,,,,,,Feuerschutz-Elixier-Rezept,itwr_firedef,,,,,,,,,,,,,,,,,,,,,,,Teleportation zu Xardas' altem Turm,itru_teleportowdemontower,Funktioniert nicht und kommt nicht im Spiel vor,,,,,,,,,,,,,,Beliars Klaue (mit Seele),itmw_hallleberde_claw_senyak,Hellebarde,,,,,,Schwere Guru-Robe,itar_gur_top,,,Brunnen-Schlüssel,itke_waterbringer,Öffnet Brunnen in der Adanos-Wüste,,,,,,,Śpiwór,itmi_sleepsack,
Jack,vlk_444_jack_li,Vergessene Insel,,,,,,,,,,"Feuer-Schutz"-Zauberformel,itwr_firelight,,,,,,,,,,,,,,,,,,,,,,,Teleportation zum Khorinis-Pass,itru_teleportpassnw,Funktioniert nicht und kommt nicht im Spiel vor,,,,,,,,,,,,,,Nat Shahar,itmw_orcstaff,,,,,,,Wächter-Adepten-Robe,itar_haradrimmage,,,Wassermagier-Dokumente-Schlüssel,itke_watermagedocuments,Öffnet Truhen beim Eisdrachen,,,,,,,Serce kamiennego strażnika,itmi_portalruneadanos,
Jesse,Bdt_1013_Bandit_L,,,,,,,,,,,"Meteor"-Zauberformel,itwr_firemeteor,,,,,,,,,,,,,,,,,,,,,,,Teleportation zum Minental-Pass,itru_teleportpassow,Funktioniert nicht und kommt nicht im Spiel vor,,,,,,,,,,,,,,Krush-Urok,itmw_2h_orcaxe_02,,,,,,,Schmied-Kleidung,itar_heavysmith,,,Wasser-Stein,itke_waterstonefull,Für die Säule gegenüber dem Ork-Lager über dem Eisdrachen,,,,,,,Łzy adanosa,itmi_adanostear,
Jora,VLK_408_Jora,,,,,,,,,,,Fischer-Notizen,itwr_fishingbook,,,,,,,,,,,,,,,,,,,,,,,Teleportation zur Bruderschaft,itru_teleportpsicamp,Funktioniert nicht und kommt nicht im Spiel vor,,,,,,,,,,,,,,Ork-Axt aus magischem Erz,itmw_2h_orchumanaxe_01,,,,,,,Eisen-Helm,itar_helm_01,,,Wolf-Schlüssel,itke_wolfarmor,Öffnet Truhen beim Eisdrachen,,,,,,,Królewski rubin,itmi_bigruby,
Joe,VLK_448_Joe,,,,,,,,,,,Schiffs-Urkunde,itwr_forgedshipletter_mis,,,,,,,,,,,,,,,,,,,,,,,Teleportation zur Toten Harpyie,itru_teleporttaverne,Funktioniert nicht und kommt nicht im Spiel vor,,,,,,,,,,,,,,Einhand-Ritter-Schwert,itmw_2h_orchumansword_01,,,,,,,Nordmar-Helm,itar_helm_02,,,Xardas' Schlüssel,itke_xardas,Öffnet Truhen in Xardas' Turm,,,,,,,Bryłka magicznej rudy,itmi_nugget,
Milten,PC_Mage_DI,Irdorath,,,,,,,,,,Xardas' Notizen,itwr_xardasritualnote,,,,,,,,,,,,,,,,,,,,,,,Donnerball,itru_thunderball,Wassermagier 4. Kreis,,,,,,,,,,,,,,Dragotar,itmw_2h_draconsword_01,,,,,,,Skelett-Lord-Helm,itar_helm_arahar,,,Schlüssel zur Truhe im versunkenen Turm,itke_xardasowt,Öffnet Truhen in Xardas' Versunkenem Turm,,,,,,,Lodowy kryształ,itmi_avatar_water,
Milten,pc_mage_li,Vergessene Insel,,,,,,,,,,Verstaubtes Buch,itwr_xardasseamapbook_mis,,,,,,,,,,,,,,,,,,,,,,,Donner,itru_thunderstorm,Wassermagier 6. Kreis,,,,,,,,,,,,,,Ork-Hammer aus magischem Erz,itmw_2h_neworchuman_01,,,,,,,Avabyuls Krone,itar_helm_avabul,,,Schlüssel zum Keller im Hotel,itke_xhiefguildkey_hotel_mis,Öffnet Türen zum Hotel-Keller,,,,,,,Kula armatnia,itmi_canoneball,
Milten,PC_Mage_NW,Khorinis,,,,,,,,,,Alter Brief,itwr_zugbruecke_mis,Archol auf Irdorath,,,,,,,,,,,,,,,,,,,,,,Qual,itru_torture,Schwarzmagier 6. Kreis,,,,,,,,,,,,,,Ork-Beil aus magischem Erz,itmw_2h_orchumanaxe_02,,,,,,,Blut-Helm,itar_helm_blood,,,Verrosteter Schlüssel,itke_zhiefguildkey_mis,Öffnet Türen zu den Kanälen unter Khorinis,,,,,,,Naszyjnik z czarnych pereł,itmi_blackpearlneckle,
Milten,PC_Mage_OW,Minental,,,,,,,,,,Dokumente-Bündel,itwr_zurisdocs,"Quest ""Gefallen für Jora""",,,,,,,,,,,,,,,,,,,,,,Heilender Wirbel,itru_tplheal_00,Tempelwächter Stufe 1,,,,,,,,,,,,,,Ork-Tasak aus magischem Erz,itmw_2h_orchumanaxe_02,,,,,,,Ewigkeits-Helm,itar_helm_egezart,,,Malbar-Schlüssel,itke_malbar,Öffnet Truhen in der Steinfestung,,,,,,,Puchar magnata,itmi_gomezgoldcup,
Lester,pc_psionic,,,,,,,,,,,Zweihand-Blöcke,itwr_zweihandbuch,,,,,,,,,,,,,,,,,,,,,,,Reinigender Wirbel,itru_tplheal_01,Tempelwächter Stufe 2,,,,,,,,,,,,,,Anführer-Schwert aus magischem Erz,itmw_2h_orchumansword_02,,,,,,,Stahl-Helm,itar_helm_g3_01,,,Alter Meister-Schlüssel,itke_oldmasterkey,Öffnet Türen zum Meister-Lager in Khorinis,,,,,,,Kryształ mrocznej dusz,itmi_seekersoul,
Lares,vlk_449_lares,Khorinis,,,,,,,,,,Wein-Rezepte - Teil 1,rezepturen,Vorsehungs-Balsam,,,,,,,,,,,,,,,,,,,,,,Dauerhafte Wille,itru_tplheal_02,Tempelwächter Stufe 3,,,,,,,,,,,,,,Fleischer-Axt aus magischem Erz,itmw_2h_orchumandoppelaxe,,,,,,,Söldner-Helm,itar_helm_g3_02,,,Minen-Schlüssel,itke_oldminesecretkey,Öffnet Türen zur Goldmine in Khorinis,,,,,,,Czarny kryształ,itmi_crystalblack,
Lares,vlk_449_lares_li,Vergessene Insel,,,,,,,,,,Wein-Rezepte - Teil 2,rezepturen2,Vergessens-Wein,,,,,,,,,,,,,,,,,,,,,,Eiserne Wille,itru_tplheal_03,Tempelwächter Stufe 4,,,,,,,,,,,,,,Tarotar,itmw_2h_draconsword_02,,,,,,,Gehörnter Helm,itar_helm_g3_04,,,Minen-Ausgang-Schlüssel,itke_oldminesecretkeyexit,Öffnet Türen zum Ausgang der Goldmine,,,,,,,Stalowy pręt,itmiswordraw,
Lares,vlk_449_lares_di,Irdorath,,,,,,,,,,Uralte Astronomie,astronomie,,,,,,,,,,,,,,,,,,,,,,,Wächter-Weg,itru_tplstrike_00,Tempelwächter Stufe 1,,,,,,,,,,,,,,Mora Tanat,itmw_2h_kmr_greatorcaxe_01,,,,,,,Dämonen-Krone,itar_helm_g3_06,,,Piraten-Beute-Schlüssel,itke_oldminesecretkeyfinal,Öffnet Schloss der Piraten-Schätze in Khorinis,,,,,,,Osełka,itmi_zharpstone,
Gorn,PC_Fighter_DI,Irdorath,,,,,,,,,,,,,,,,,,,,,,,,,,,,,,,,,,Wächter-Stimme,itru_tplstrike_01,Tempelwächter Stufe 2,,,,,,,,,,,,,,Ork-Claymore aus magischem Erz,itmw_2h_orchumanclaymore,,,,,,,Berserker-Kappe,itar_helm_hunt,,,Geheimtür-Schlüssel,itke_oldminesecretkeystart,Öffnet Türen in der Höhle mit Faarhart,,,,,,,Rtęć,itmi_quicksilver,
Gorn,PC_Fighter_DJG,GD Drachenjäger,,,,,,,,,,,,,,,,,,,,,,,,,,,,,,,,,,Wächter-Zorn,itru_tplstrike_02,Tempelwächter Stufe 3,,,,,,,,,,,,,,Roter Anführer-Axt,itmw_2h_neworchuman_02,,,,,,,Janus' Helm,itar_helm_janus,,,Alter Ork-Schlüssel,itke_oldorckey,Öffnet Truhen über Ur-Karras,,,,,,,Czarna perła,itmi_darkpearl,
Gorn,pc_fighter_li,Vergessene Insel,,,,,,,,,,,,,,,,,,,,,,,,,,,,,,,,,,Wächter-Wut,itru_tplstrike_03,Tempelwächter Stufe 4,,,,,,,,,,,,,,Ahnen-Hammer,itmw_2h_neworchuman_03,,,,,,,Bogenschützen-Helm,itar_helm_new_01,,,Ork-Bote-Schlüssel,itke_orcgonez,Muss angeklickt werden,,,,,,,Stara runiczna płytka,itmi_teleportstone,
Gorn,PC_Fighter_NW_nach_DJG,Khorinis,,,,,,,,,,,,,,,,,,,,,,,,,,,,,,,,,,Blutsauger-Verwandlung,itru_trfbloodfly,Netbek,,,,,,,,,,,,,,Ahnen-Macht,itmw_2h_neworchuman_04,,,,,,,Er'Hazirs Helm,itar_helm_new_02,,,Ork-Minen-Aufzug-Schlüssel,itke_orcmine_elevator,Öffnet Aufzug-Winde in der Ork-Mine,,,,,,,Czarna ruda,itmi_zeitspalt_addon,
Gorn,PC_Fighter_NW_vor_DJG,Khorinis,,,,,,,,,,,,,,,,,,,,,,,,,,,,,,,,,,Drachenschnapper-Verwandlung,itru_trfdragonsnapper,Netbek 2. Kreis,,,,,,,,,,,,,,Grah Vatagh,?,,,,,,,Krieger-Skelett-Helm,itar_helm_skel,,,Ork-Mine-Schlüssel,itke_orcoremine,Öffnet Eingang zur Ork-Mine,,,,,,,Kryształ przodków,itmi_gaderstone,
Gorn,PC_Fighter_OW,Minental,,,,,,,,,,,,,,,,,,,,,,,,,,,,,,,,,,Feuerechsen-Verwandlung,itru_trffirewaran,Netbek 2. Kreis,,,,,,,,,,,,,,Alter Trainings-Zweihänder,itmw_zweihaender_old,,,,,,,Skelett-Elite-Helm,itar_helm_skel_elite,,,Ork-Schamanen-Schlüssel,itke_orcshaman_shv,Öffnet Truhen neben dem Schamanen im Schattental,,,,,,,Artefakt ciemności,itmi_idol_02,
Vatras,VLK_439_Vatras,Khorinis,,,,,,,,,,,,,,,,,,,,,,,,,,,,,,,,,,Schattenbiest-Verwandlung,itru_trfshadowbeast,Netbek 2. Kreis,,,,,,,,,,,,,,Alter Zweihänder,itmw_2h_oldsword,,,,,,,Il'Arahs Helm,itar_helm_skel_ilarah,,,Ur-Vatah-Schlüssel,itke_orkknastdi_mis,???,,,,,,,Wodna perła,itmi_watercrystal,
Vatras,VLK_439_Vatras_DI,Irdorath,,,,,,,,,,,,,,,,,,,,,,,,,,,,,,,,,,Troll-Verwandlung,itru_trftroll,Funktioniert nicht und kommt nicht im Spiel vor,,,,,,,,,,,,,,Leichter Zweihänder,itmw_zweihaender1,,,,,,,Skelett-Wächter-Helm,itar_helm_skel_king,,,"Schlüssel zum Zimmer in der Taverne ""Tote Harpyie""",itke_orlan_hotelzimmer,Öffnet Türen zum Zimmer in Orlans Taverne,,,,,,,Stalowy pręt,itmiswordraw,
Vatras,vlk_439_vatras_li,Vergessene Insel,,,,,,,,,,,,,,,,,,,,,,,,,,,,,,,,,,Warg-Verwandlung,itru_trfwarg,Netbek 2. Kreis,,,,,,,,,,,,,,Leichter Zweihänder,itmw_2h_garad_01,,,,,,,Skelett-Helm,itar_helm_skel_low,,,Orlans Schlüssel,itke_orlan_teleportstation,Öffnet Türen zum Teleporter beim Friedhof,,,,,,,Osełka,itmi_zharpstone,
Wolf,SLD_811_Wolf,Khorinis,,,,,,,,,,,,,,,,,,,,,,,,,,,,,,,,,,Schlösser-Öffnen,itru_unlock,Gallahad 1. Kreis,,,,,,,,,,,,,,Normaler Zweihänder,itmw_zweihaender_old2,,,,,,,Lumpen,itar_her_m,,,Paladin-Truhen-Schlüssel,itke_paladintruhe,Öffnet Truhen im Obergeschoss der Paladin-Schlafräume,,,,,,,Butelka,itmi_bottle_empty,
Wolf,SLD_811_Wolf_DI,Irdorath,,,,,,,,,,,,,,,,,,,,,,,,,,,,,,,,,,Stein-Faust,itru_waterfist,Wassermagier 4. Kreis,,,,,,,,,,,,,,Große alte Machete,itmw_addon_hacker_2h_02,,,,,,,Dieb-Kleidung,itar_her_n,,,Pass-Schlüssel,itke_pass_mis,Öffnet Winde des Pass-Tores,,,,,,,Pusta fiolka,itmi_poisonbottle,
Wolf,sld_811_wolf_li,Vergessene Insel,,,,,,,,,,,,,,,,,,,,,,,,,,,,,,,,,,Wirbel,itru_whirlwind,Guru 5. Kreis,,,,,,,,,,,,,,Schlechter Zweihänder,itmw_2h_sld_sword,,,,,,,Kappe,itar_hoodhelm,,,Piraten-Taverne-Schlüssel,itke_pirattavern_key,Öffnet Türen zum Lager neben Bartholomäus,,,,,,,Kawałek golema cienia,itmi_piecedarkgolem,
Raven,BDT_1090_Addon_Raven,Jharkendar,,,,,,,,,,,,,,,,,,,,,,,,,,,,,,,,,,Wasser-Faust,itru_windfist,Guru 2. Kreis,,,,,,,,,,,,,,Wachen-Zweihänder,itmw_zweihaender6,,,,,,,Kopfbedeckung,itar_hoodhelm,,,Teleport-Raum-Schlüssel,itke_portaltempelwalkthrough_addon,Öffnet Türen zum Teleporter in den Ausgrabungen,,,,,,,Marmurowy posążek innosa,itmi_innosmramorstatue,
Raven,bdt_2090_addon_raven,Alptraum,,,,,,,,,,,,,,,,,,,,,,,,,,,,,,,,,,Funke,itru_zap,Wassermagier 1. Kreis,,,,,,,,,,,,,,Stahl-Zweihänder,itmw_2h_garad_02,,,,,,,Kopfjäger-Panzer,itar_hum_hunt2,,,Schloss-Gefängnis-Schlüssel,itke_prisonkey_mis,Öffnet Türen zum Gefängnis im Schloss,,,,,,,Srebrne naczynie,itmi_silverchalice,
Wulfgar,MIL_312_Wulfgar,,,,,,,,,,,,,,,,,,,,,,,,,,,,,,,,,,,Reiner Runenstein,itmi_highruneblank,,,,,,,,,,,,,,,Zweihänder-Ritter-Schwert,itmw_2h_pal_sword,,,,,,,Übertragener Kopfjäger-Panzer,itar_hum_hunt2_v5,,,Nrozas' Schlüssel,itke_pw_sklad,Öffnet Lager-Gitter im Assassinen-Wald,,,,,,,Krwawy kielich,itmi_zloodcup_mis,
Yu'Nicorn,sek_4567_unicorn,,,,,,,,,,,,,,,,,,,,,,,,,,,,,,,,,,,Runenstein,itmi_runeblank,,,,,,,,,,,,,,,Schwerer Zweihänder,itmw_zweihaender4,,,,,,,Wolfshaut-Panzer,itar_huntarmor_01,,,Schloss-Haupttor-Schlüssel,itke_oc_maingate_mis,Öffnet Winde des Schloss-Haupttors,,,,,,,Rtęć,itmi_quicksilver,
Janus Zweigesicht,dmt_4571_jan,,,,,,,,,,,,,,,,,,,,,,,,,,,,,,,,,,,Höherer Runenstein,itmi_upruneblank,,,,,,,,,,,,,,,Zweihänder-Kampfklinge,itmw_2h_garad_03,,,,,,,Warg-Haut-Panzer,itar_huntarmor_02,,,Schloss-Lager-Schlüssel,itke_oc_store,Öffnet Lager im Schloss im Minental,,,,,,,Czarna perła,itmi_darkpearl,
Jan,DJG_714_Jan,,,,,,,,,,,,,,,,,,,,,,,,,,,,,,,,,,,,,,,,,,,,,,,,,,,Claymore,itmw_2h_claymore,,,,,,,Troll-Haut-Panzer,itar_huntarmor_03,,,Schloss-Turm-Truhen-Schlüssel,itke_oc_towerchest,Öffnet Truhen auf der Turmspitze im Schloss,,,,,,,Stara runiczna płytka,itmi_teleportstone,
Lehmar,vlk_484_lehmar,,,,,,,,,,,,,,,,,,,,,,,,,,,,,,,,,,,,,,,,,,,,,,,,,,,Schwerer Claymore,itmw_2h_garad_04,,,,,,,Meister-Jäger-Panzer,itar_huntarmor_04,,,Alter Meister-Schlüssel,itke_oldmasterkey,Öffnet Türen zum Meister-Lager in Khorinis,,,,,,,Czarny kryształ,itmi_crystalblack,
Loa,sld_10920_loa,,,,,,,,,,,,,,,,,,,,,,,,,,,,,,,,,,,,,,,,,,,,,,,,,,,Schwerer Zweihänder,itmw_zweihaender10,,,,,,,Troll-Haut-Panzer,itar_huntarmor_h_npc,NPC,,,Minen-Schlüssel,itke_oldminesecretkey,Öffnet Türen zur Goldmine in Khorinis,,,,,,,Artefakt ciemności,itmi_idol_02,
,,,,,,,,,,,,,,,,,,,,,,,,,,,,,,,,,,,,,,,,,,,,,,,,,,,Zweihänder,itmw_zweihaender3,,,,,,,Warg-Haut-Panzer,itar_huntarmor_m_npc,NPC,,,Minen-Ausgang-Schlüssel,itke_oldminesecretkeyexit,Öffnet Türen zum Ausgang der Goldmine,,,,,,,Wodna perła,itmi_watercrystal,
,,,,,,,,,,,,,,,,,,,,,,,,,,,,,,,,,,,,,,,,,,,,,,,,,,,Silber-Zweihänder,itmw_2h_wolf,,,,,,,Jäger-Panzer,itar_huntarmor_npc,,,Piraten-Beute-Schlüssel,itke_oldminesecretkeyfinal,Öffnet Schloss der Piraten-Schätze in Khorinis,,,,,,,Sfera wody,itmi_watershpere,
,,,,,,,,,,,,,,,,,,,,,,,,,,,,,,,,,,,,,,,,,,,,,,,,,,,Ritter-Klinge,itmw_2h_garad_05,,,,,,,Bogenschützen-Panzer,itar_hunt_guard,,,Geheimtür-Schlüssel,itke_oldminesecretkeystart,Öffnet Türen in der Höhle mit Faarhart,,,,,,,Sfera ognia,itmi-fireshpere,
,,,,,,,,,,,,,,,,,,,,,,,,,,,,,,,,,,,,,,,,,,,,,,,,,,,Langer Zweihänder,itmw_2h_new_lk,,,,,,,Übertragener Bogenschützen-Panzer,itar_hunt_guard_v5,,,Alter Ork-Schlüssel,itke_oldorckey,Öffnet Truhen über Ur-Karras,,,,,,,Sfera ciemności,itmi_darkshpere,
,,,,,,,,,,,,,,,,,,,,,,,,,,,,,,,,,,,,,,,,,,,,,,,,,,,Königin Annas Rache,itmw_vengeance_anna,,,,,,,Schwerer Jäger-Panzer,itar_hun_h,,,Ork-Bote-Schlüssel,itke_orcgonez,Muss angeklickt werden,,,,,,,Sfera kamienia,itmi_stoneshpere,
,,,,,,,,,,,,,,,,,,,,,,,,,,,,,,,,,,,,,,,,,,,,,,,,,,,Verzierter Zweihänder,itmw_sword_new_02,,,,,,,Lederhut,itar_hut,,,Ork-Minen-Aufzug-Schlüssel,itke_orcmine_elevator,Öffnet Aufzug-Winde in der Ork-Mine,,,,,,,Kawałek kamienia runicznego,itmi_stoneguardianpiece,
,,,,,,,,,,,,,,,,,,,,,,,,,,,,,,,,,,,,,,,,,,,,,,,,,,,Seelen-Schnitter,itmw_2h_dk_weapon_01,,,,,,,Chaos-Panzer,itar_ilarah,,,Ork-Mine-Schlüssel,itke_orcoremine,Öffnet Eingang zur Ork-Mine,,,,,,,Ektoplazma,itmi_plazma,
,,,,,,,,,,,,,,,,,,,,,,,,,,,,,,,,,,,,,,,,,,,,,,,,,,,Malbars Claymore,itmw_2h_kmr_witchclaymore_01,,,,,,,Ile'sils Panzer,itar_ilesil,,,Ork-Schamanen-Schlüssel,itke_orcshaman_shv,Öffnet Truhen neben dem Schamanen im Schattental,,,,,,,Samorodek złota,itmi_addon_goldnugget,
,,,,,,,,,,,,,,,,,,,,,,,,,,,,,,,,,,,,,,,,,,,,,,,,,,,Glaubens-Wächter,itmw_tamplier_special_2h_sword_3,,,,,,,Er'Hazirs Panzer,itar_int_archer | itar_topthief,,,Ur-Vatah-Schlüssel,itke_orkknastdi_mis,???,,,,,,,Ubijaczka,itmi_stomper,
,,,,,,,,,,,,,,,,,,,,,,,,,,,,,,,,,,,,,,,,,,,,,,,,,,,Masjafs Fluch,itmw_2h_masiaf_haniar_demon,,,,,,,Blut-Robe,itar_int_mage,,,Malbar-Schlüssel,itke_malbar,Öffnet Truhen in der Steinfestung,,,,,,,Kawałek tropikalnego buka,itmi_buktree,
,,,,,,,,,,,,,,,,,,,,,,,,,,,,,,,,,,,,,,,,,,,,,,,,,,,Dunkler Schwur,itmw_2h_kmr_soulsword_01,,,,,,,Blut-Panzer,itar_int_warrior,,,Alter Meister-Schlüssel,itke_oldmasterkey,Öffnet Türen zum Meister-Lager in Khorinis,,,,,,,Podstawa kuszy,itmi_buk_arbalet,
,,,,,,,,,,,,,,,,,,,,,,,,,,,,,,,,,,,,,,,,,,,,,,,,,,,Silber-Runischer Sihil,itmw_2h_sigil,,,,,,,Krieger-Kleidung,itar_jax,,,Minen-Schlüssel,itke_oldminesecretkey,Öffnet Türen zur Goldmine in Khorinis,,,,,,,Diament,itmi_diamod,
,,,,,,,,,,,,,,,,,,,,,,,,,,,,,,,,,,,,,,,,,,,,,,,,,,,Rhobars Wille,itmw_2h_kmr_rhobar_01,,,,,,,Jaspers Kleidung,itar_jesper,,,Minen-Ausgang-Schlüssel,itke_oldminesecretkeyexit,Öffnet Türen zum Ausgang der Goldmine,,,,,,,Paczka z rudą,alefnuggetsbag,
,,,,,,,,,,,,,,,,,,,,,,,,,,,,,,,,,,,,,,,,,,,,,,,,,,,Krieger-Ehre,itmw_2h_xaradrim,,,,,,,Richter-Robe,itar_judge,,,Piraten-Beute-Schlüssel,itke_oldminesecretkeyfinal,Öffnet Schloss der Piraten-Schätze in Khorinis,,,,,,,Pradawny relikt,itmi_parlanrelic_mis,
,,,,,,,,,,,,,,,,,,,,,,,,,,,,,,,,,,,,,,,,,,,,,,,,,,,Schatten der Zerstörung,itmw_2h_holywrath,,,,,,,Schwere Feuermagier-Robe,itar_kdf_h,,,Geheimtür-Schlüssel,itke_oldminesecretkeystart,Öffnet Türen in der Höhle mit Faarhart,,,,,,,Kawałek buka,itmi_buktree,
,,,,,,,,,,,,,,,,,,,